Age,Type,CO2
0.0013,phytoplankton,273
0.00166,d11B,261.26
0.00199,phytoplankton,244.08
0.0029,phytoplankton,181.42
0.0031,d11B,259.37
0.0036,d11B,262.97
0.0036,d11B,268.08
0.00391,d11B,273.9
0.00463,d11B,263.06
0.00502,d11B,281.14
0.00598,d11B,263.8
0.006,phytoplankton,287.81
0.00782,d11B,258.56
0.00782,d11B,268.58
0.0082,phytoplankton,270.26
0.0085,phytoplankton,145.71
0.00852,d11B,240.18
0.00949,d11B,266.08
0.01032,d11B,240.79
0.01054,d11B,262.31
0.0112,phytoplankton,252.48
0.01165,d11B,256.26
0.01255,d11B,206.34
0.01401,d11B,234.32
0.01457,d11B,220
0.0146,d11B,241.15
0.0146,d11B,231.57
0.01507,d11B,231.41
0.01507,d11B,220.22
0.0151,phytoplankton,137.83
0.016,phytoplankton,131.13
0.01659,phytoplankton,191.26
0.01659,d11B,193.91
0.017,d11B,185.27
0.01726,d11B,223.23
0.0174,phytoplankton,122.88
0.0178,phytoplankton,67.06
0.0178,phytoplankton,251.68
0.01816,d11B,194.11
0.01906,d11B,209.4
0.0191,phytoplankton,104.45
0.01919,d11B,166.36
0.0196,phytoplankton,248.17
0.0204,d11B,178.61
0.02086,d11B,216.74
0.02112,d11B,201.25
0.02261,d11B,203.9
0.02386,d11B,225.22
0.02438,d11B,183.92
0.0255,phytoplankton,267.74
0.02551,d11B,175.55
0.02551,d11B,170.91
0.0267,phytoplankton,117.65
0.02737,d11B,208.16
0.02999,phytoplankton,187.05
0.03088,d11B,253.37
0.0339,phytoplankton,112.82
0.0349,phytoplankton,227.02
0.03582,d11B,214.42
0.03712,phytoplankton,177.45
0.03759,phytoplankton,176.2
0.03955,phytoplankton,228.83
0.0408,d11B,213.12
0.04084,phytoplankton,150.87
0.0462,phytoplankton,61.71
0.04661,d11B,210.31
0.0474,phytoplankton,239.45
0.0474,phytoplankton,240.84
0.0491,phytoplankton,196.94
0.05214,d11B,200.68
0.0573,phytoplankton,136.34
0.0592,phytoplankton,239.8
0.0601,phytoplankton,116.32
0.06128,d11B,201.4
0.06148,phytoplankton,202.95
0.0618,phytoplankton,121.47
0.0647,phytoplankton,226.26
0.0659,phytoplankton,150
0.0693,phytoplankton,241.46
0.0693,phytoplankton,253.3
0.0706,d11B,242.31
0.07469,phytoplankton,272.53
0.0773,d11B,236.93
0.0785,phytoplankton,282.67
0.08,phytoplankton,274.4
0.0802,phytoplankton,149.11
0.0815,phytoplankton,145.16
0.084,phytoplankton,246.55
0.08433,d11B,238.18
0.087,phytoplankton,263.86
0.08911,d11B,263.21
0.08939,phytoplankton,263.35
0.0939,phytoplankton,156.05
0.09557,phytoplankton,194.11
0.096,phytoplankton,167.41
0.09965,phytoplankton,201.22
0.1,phytoplankton,286.66
0.10005,phytoplankton,199.79
0.10036,d11B,272.11
0.10046,phytoplankton,202.99
0.10137,phytoplankton,255.72
0.10612,d11B,250.38
0.11132,phytoplankton,224.31
0.11132,d11B,276.43
0.1126,phytoplankton,270.9
0.11357,phytoplankton,165.94
0.1136,d11B,259.73
0.11589,phytoplankton,248.14
0.11682,d11B,305.46
0.1183,phytoplankton,270.75
0.11881,d11B,320.92
0.11906,phytoplankton,258.08
0.11906,d11B,297.43
0.12179,d11B,331.35
0.1232,d11B,302.47
0.12323,phytoplankton,183.28
0.12377,phytoplankton,254.2
0.12377,d11B,267.19
0.1238,phytoplankton,293.64
0.12437,d11B,281.18
0.12478,phytoplankton,202.04
0.1273,phytoplankton,308.92
0.12748,phytoplankton,278.75
0.12748,d11B,271.51
0.12806,phytoplankton,183.51
0.1281,d11B,270.44
0.13086,d11B,281.5
0.13191,phytoplankton,206.8
0.13191,d11B,248.66
0.1325,phytoplankton,244.32
0.13322,phytoplankton,302.82
0.13322,d11B,236.46
0.134,d11B,210.93
0.1343,phytoplankton,262.74
0.13557,phytoplankton,202.76
0.13557,d11B,208.72
0.1368,d11B,197.24
0.13684,phytoplankton,160.53
0.13751,phytoplankton,187.94
0.13859,phytoplankton,168.9
0.1386,d11B,177
0.13897,phytoplankton,202.01
0.13897,d11B,208.61
0.14327,phytoplankton,207.09
0.14669,phytoplankton,191.39
0.14669,d11B,216.63
0.1471,phytoplankton,269.32
0.15004,phytoplankton,216.45
0.15004,d11B,209.79
0.1502,phytoplankton,245.08
0.15369,phytoplankton,188.28
0.15731,phytoplankton,161.77
0.15995,phytoplankton,174.39
0.1603,phytoplankton,283.54
0.1603,phytoplankton,281.08
0.16554,phytoplankton,241.34
0.16976,phytoplankton,196.32
0.16976,d11B,209.58
0.171,phytoplankton,277.83
0.17994,phytoplankton,175.72
0.17994,d11B,206.54
0.1817,phytoplankton,267.92
0.1817,phytoplankton,273.1
0.18239,phytoplankton,193.54
0.1837,phytoplankton,258.01
0.18371,phytoplankton,202.06
0.18437,phytoplankton,165.31
0.18437,d11B,214.37
0.19001,phytoplankton,216.35
0.19001,d11B,223.75
0.19168,phytoplankton,247.06
0.19168,d11B,223.81
0.1962,phytoplankton,307.22
0.19807,phytoplankton,238.25
0.19807,d11B,246.23
0.2,phytoplankton,275.72
0.20091,phytoplankton,176.87
0.21,phytoplankton,298.78
0.21157,phytoplankton,235.41
0.21157,d11B,274.42
0.21529,phytoplankton,211.5
0.21671,phytoplankton,217.89
0.21803,phytoplankton,207.19
0.22044,phytoplankton,186.75
0.22044,d11B,261.03
0.22366,phytoplankton,229.08
0.22366,d11B,259.32
0.2271,phytoplankton,216.34
0.2271,d11B,232.53
0.22853,phytoplankton,146.23
0.23576,phytoplankton,276.83
0.23576,d11B,259.56
0.23948,phytoplankton,237.79
0.23948,d11B,242.21
0.241,phytoplankton,188.38
0.2429,d11B,274.68
0.24389,phytoplankton,196.13
0.24718,phytoplankton,181.21
0.24718,d11B,259.76
0.25,phytoplankton,178.34
0.25007,phytoplankton,174.41
0.25007,d11B,224.97
0.25321,phytoplankton,184.71
0.25453,phytoplankton,183.76
0.25784,phytoplankton,177.31
0.25784,d11B,233.39
0.26091,phytoplankton,150.21
0.26902,phytoplankton,182.23
0.29274,phytoplankton,183.67
0.30197,phytoplankton,246.04
0.30752,phytoplankton,147.91
0.30856,phytoplankton,214.58
0.31,phytoplankton,211.47
0.3291,d11B,297.4
0.33469,phytoplankton,366.36
0.33758,phytoplankton,163.44
0.34331,phytoplankton,191.26
0.34577,phytoplankton,199.35
0.34838,phytoplankton,146.3
0.35786,phytoplankton,224.23
0.3585,d11B,211.61
0.36513,phytoplankton,231.38
0.3669,d11B,223.42
0.37457,phytoplankton,194.16
0.37638,phytoplankton,148.94
0.3864,d11B,250.44
0.38935,phytoplankton,235.27
0.39935,phytoplankton,243.31
0.40307,phytoplankton,252.09
0.40523,phytoplankton,208.43
0.4091,d11B,297.13
0.41006,phytoplankton,253.8
0.41433,phytoplankton,281.67
0.41528,phytoplankton,158.85
0.4188,d11B,274.74
0.431,phytoplankton,178.55
0.44763,phytoplankton,200.08
0.44877,phytoplankton,250.9
0.45,phytoplankton,291.85
0.45424,phytoplankton,179.96
0.46,phytoplankton,187.11
0.48527,phytoplankton,165.31
0.5416,d11B,243.84
0.56,d11B,199.53
0.5753,phytoplankton,187.51
0.61627,phytoplankton,166.37
0.6163,d11B,249.38
0.64308,phytoplankton,167.17
0.64506,phytoplankton,233.83
0.651,d11B,174.19
0.6621,d11B,198.55
0.675,d11B,216.34
0.68,phytoplankton,300.17
0.70217,phytoplankton,191.15
0.7022,d11B,252.73
0.7035,d11B,263.11
0.70744,phytoplankton,158.67
0.72015,phytoplankton,221.82
0.72121,phytoplankton,156.51
0.731,d11B,223.6
0.7524,d11B,208.65
0.77692,phytoplankton,190.21
0.78946,phytoplankton,164.65
0.82,phytoplankton,272.84
0.82386,phytoplankton,304.72
0.85515,phytoplankton,210.41
0.86603,paleosols,275.51
0.8919,d11B,201.82
0.9,phytoplankton,144.15
0.92667,phytoplankton,249.86
0.9287,phytoplankton,182.13
0.93047,d11B,246.73
0.93638,paleosols,303.02
0.9404,paleosols,216.85
0.95,d11B,281.42
0.9528,d11B,304.42
0.95471,paleosols,271.3
0.95673,paleosols,257.24
0.99819,phytoplankton,288.71
1,phytoplankton,150.64
1.01607,paleosols,301.68
1.01869,paleosols,225.04
1.02393,paleosols,275.91
1.02787,paleosols,316.92
1.0294,paleosols,273.66
1.046,phytoplankton,187.28
1.05183,phytoplankton,234.54
1.05905,paleosols,315.04
1.06745,paleosols,245.49
1.07165,paleosols,242.54
1.0728,d11B,293.02
1.0789,d11B,257.86
1.08,phytoplankton,269.12
1.08726,d11B,232.86
1.08869,d11B,257.79
1.09003,d11B,223.46
1.09267,d11B,242.14
1.09471,d11B,251.16
1.09946,d11B,320.95
1.10242,d11B,301.81
1.10316,d11B,286.05
1.1062,d11B,246.55
1.10782,d11B,262.51
1.1103,d11B,284.02
1.1128,d11B,246.21
1.11526,d11B,227.64
1.11786,d11B,215.33
1.12036,d11B,248.31
1.12309,d11B,205.25
1.12335,phytoplankton,209.52
1.12606,d11B,246.43
1.12781,d11B,244.73
1.13097,d11B,249.59
1.13657,d11B,291.67
1.14003,d11B,305.43
1.14323,d11B,278.14
1.14533,d11B,295.74
1.1489,d11B,310.44
1.15094,d11B,260.5
1.15409,d11B,248.05
1.15777,d11B,299.72
1.16073,d11B,307.68
1.16285,d11B,275.14
1.16807,paleosols,211.68
1.1683,d11B,265.24
1.16986,d11B,283.63
1.17556,paleosols,236.17
1.17757,d11B,273.2
1.17922,phytoplankton,274.65
1.17966,d11B,263.28
1.18175,d11B,233.36
1.18406,d11B,226.28
1.18597,d11B,257.13
1.18807,d11B,265.36
1.1904,phytoplankton,258.19
1.191,phytoplankton,219.91
1.19131,d11B,215.8
1.1924,d11B,212.81
1.19418,paleosols,333.81
1.19515,d11B,208.27
1.2,phytoplankton,212.01
1.20326,d11B,195.5
1.206,phytoplankton,194.71
1.20676,d11B,219.15
1.20999,d11B,238.88
1.2125,d11B,226.19
1.21448,d11B,287.94
1.21642,d11B,272.15
1.21854,d11B,298.36
1.2188,phytoplankton,204.3
1.21945,phytoplankton,317.63
1.22418,d11B,255.14
1.22717,d11B,271.52
1.23072,d11B,312.45
1.2322,phytoplankton,216.08
1.2333,d11B,247
1.2339,d11B,295.82
1.2342,phytoplankton,290.59
1.23618,d11B,262.84
1.2387,d11B,270.46
1.23983,d11B,269.3
1.24325,d11B,292.57
1.25,phytoplankton,308.39
1.25,phytoplankton,184.61
1.25074,phytoplankton,278.51
1.253,d11B,204.11
1.2617,d11B,240.8
1.26862,phytoplankton,266.71
1.272,phytoplankton,193.59
1.2761,paleosols,233.82
1.27678,paleosols,213.33
1.27813,paleosols,214.34
1.28143,paleosols,199.78
1.28278,paleosols,221.26
1.2846,phytoplankton,187.44
1.3,phytoplankton,204.2
1.31779,phytoplankton,270.46
1.3293,paleosols,196.03
1.33059,paleosols,268.74
1.33446,paleosols,201.32
1.33575,paleosols,249.13
1.33703,paleosols,169.24
1.3512,phytoplankton,228.57
1.35157,d11B,284.95
1.38031,d11B,219.88
1.384,d11B,213.78
1.38635,paleosols,214.23
1.38943,paleosols,196.94
1.39267,d11B,282.13
1.39635,paleosols,190.64
1.39733,d11B,271.13
1.39866,paleosols,234.71
1.402,d11B,320.14
1.408,d11B,326.76
1.414,d11B,260.39
1.42,d11B,200.67
1.42064,paleosols,261.45
1.4239,paleosols,240.54
1.42517,d11B,234.17
1.42626,d11B,215.01
1.42716,paleosols,216.46
1.43033,d11B,225.69
1.43368,paleosols,252.88
1.4355,d11B,241.79
1.44067,d11B,284.8
1.44583,d11B,286.57
1.45103,d11B,256.37
1.45552,d11B,237.01
1.45938,d11B,260.6
1.46452,d11B,248.79
1.47351,d11B,278.44
1.47801,d11B,271.81
1.4825,d11B,226.46
1.487,d11B,258.06
1.49,d11B,292.14
1.493,d11B,214.47
1.49643,d11B,200.9
1.499,d11B,223.7
1.499,d11B,224.72
1.5,phytoplankton,226.28
1.50233,d11B,182.85
1.50567,d11B,249
1.509,d11B,276.55
1.51233,d11B,223.16
1.51567,d11B,298.81
1.516,paleosols,190.96
1.519,d11B,277.84
1.5192,paleosols,214.55
1.5208,paleosols,185.79
1.52233,d11B,283.56
1.52567,d11B,305.85
1.529,d11B,255.74
1.53,d11B,189.11
1.53567,d11B,295.46
1.539,d11B,225.38
1.5413,d11B,227.43
1.5423,d11B,278.44
1.56,phytoplankton,300.27
1.5741,d11B,276.01
1.5774,d11B,215.13
1.6,phytoplankton,301.46
1.60617,paleosols,200.67
1.616,d11B,300.5
1.64703,paleosols,201.12
1.6487,d11B,198.01
1.65026,paleosols,209.81
1.65058,paleosols,200.36
1.65184,phytoplankton,189.37
1.65528,phytoplankton,252.5
1.6595,d11B,192.27
1.6985,d11B,289.93
1.71615,paleosols,183.83
1.71861,paleosols,220.2
1.72,phytoplankton,293.27
1.72107,paleosols,210
1.72352,paleosols,176.71
1.72598,paleosols,163.22
1.73468,phytoplankton,199.28
1.74925,phytoplankton,255.61
1.75,phytoplankton,209.59
1.7531,d11B,286.35
1.7796,d11B,224.38
1.80035,phytoplankton,252.16
1.8091,paleosols,255.57
1.82415,paleosols,225.76
1.82791,paleosols,251.48
1.83,phytoplankton,300.13
1.85414,phytoplankton,287.61
1.88,d11B,177.29
1.90793,phytoplankton,299.39
1.92958,paleosols,228.81
1.9354,paleosols,254.34
1.94705,paleosols,252.46
1.95578,paleosols,261.6
1.95914,phytoplankton,198.5
1.96161,paleosols,274.65
1.97,phytoplankton,312.1
1.97513,d11B,202.18
1.99269,phytoplankton,302.23
2,phytoplankton,280.55
2.01929,d11B,364.61
2.01929,d11B,347.53
2.02654,d11B,234.18
2.0435,paleosols,147.27
2.04986,paleosols,184.94
2.05198,paleosols,216.75
2.07,phytoplankton,312.47
2.07809,d11B,208.19
2.09482,phytoplankton,235.1
2.10356,paleosols,188.11
2.11,phytoplankton,186.1
2.11444,paleosols,199.22
2.13078,paleosols,282.48
2.16101,d11B,194.72
2.16604,d11B,299.14
2.19823,phytoplankton,235.16
2.20194,d11B,307.6
2.21,phytoplankton,307.67
2.21,d11B,243.86
2.22691,phytoplankton,302.8
2.25466,paleosols,270.1
2.26288,paleosols,206.86
2.27981,phytoplankton,257.72
2.29668,paleosols,210.73
2.29807,phytoplankton,258.78
2.3,phytoplankton,300.47
2.30467,d11B,210.26
2.31,phytoplankton,205.29
2.34014,d11B,310.84
2.34174,paleosols,251.5
2.34723,d11B,369.1
2.34966,paleosols,187.16
2.35065,paleosols,181.33
2.35085,d11B,308.16
2.35164,paleosols,238.36
2.35362,paleosols,240.69
2.35758,phytoplankton,333.77
2.35808,d11B,300.91
2.36861,d11B,429.64
2.37892,d11B,397.52
2.38839,d11B,365.24
2.39671,d11B,372.63
2.40496,phytoplankton,452.26
2.41093,d11B,278.03
2.41717,d11B,441.68
2.42136,phytoplankton,275.45
2.42663,d11B,328.64
2.45451,d11B,317.71
2.45798,phytoplankton,354.87
2.47382,d11B,337.65
2.49,phytoplankton,296.42
2.49734,d11B,351.97
2.4983,d11B,349.77
2.49836,d11B,422.79
2.5016,phytoplankton,399.77
2.50294,d11B,289.32
2.51716,d11B,247.63
2.52358,phytoplankton,308.78
2.5322,phytoplankton,396.13
2.54044,d11B,333.81
2.54991,paleosols,266.4
2.55,d11B,230.77
2.55332,paleosols,246.57
2.55858,d11B,242.64
2.56014,paleosols,227.7
2.56696,paleosols,376.78
2.5724,d11B,303.13
2.57718,paleosols,341.21
2.5865,d11B,326.17
2.59,phytoplankton,190.31
2.5995,phytoplankton,194.45
2.60034,d11B,357.55
2.60086,d11B,201.37
2.60169,phytoplankton,246.56
2.60754,phytoplankton,147.63
2.60847,phytoplankton,294
2.61732,phytoplankton,170.5
2.61869,d11B,282.93
2.61966,phytoplankton,191.2
2.62,phytoplankton,317.48
2.62614,d11B,401.93
2.62686,d11B,304.93
2.62702,phytoplankton,147.03
2.63274,d11B,252.94
2.63361,phytoplankton,167.58
2.64229,phytoplankton,141.4
2.64736,d11B,283.71
2.65061,phytoplankton,221.28
2.65685,phytoplankton,196.48
2.66138,d11B,305.1
2.66622,phytoplankton,173.3
2.67105,d11B,263.9
2.67518,phytoplankton,145.24
2.67921,d11B,320.16
2.68,phytoplankton,324.42
2.68212,phytoplankton,168.64
2.68547,d11B,195.25
2.68616,d11B,282.43
2.68822,phytoplankton,264.64
2.69349,phytoplankton,264.25
2.69825,d11B,281.51
2.69876,phytoplankton,260.46
2.70222,d11B,278.59
2.70487,phytoplankton,211.4
2.70496,phytoplankton,299.24
2.70551,d11B,267.92
2.70551,d11B,239.5
2.70811,d11B,223.8
2.70903,phytoplankton,140.98
2.71004,d11B,312.87
2.71046,d11B,287.54
2.7143,phytoplankton,180.29
2.71609,d11B,262.25
2.71864,phytoplankton,200.31
2.74186,phytoplankton,203.65
2.74451,d11B,332.26
2.75057,d11B,376.3
2.75111,d11B,316.6
2.75156,d11B,251.12
2.75226,phytoplankton,169.04
2.76459,d11B,356.67
2.76614,phytoplankton,168.62
2.77286,d11B,292.8
2.77807,d11B,278.79
2.77872,d11B,332.98
2.78141,d11B,274.62
2.78156,phytoplankton,227.21
2.78961,phytoplankton,169.08
2.79,phytoplankton,225.24
2.79549,d11B,263.95
2.79952,d11B,280.1
2.80498,phytoplankton,406.91
2.80996,phytoplankton,202.7
2.81,phytoplankton,314.04
2.82,phytoplankton,206.03
2.82186,d11B,314.1
2.82345,d11B,352.26
2.82828,d11B,352.05
2.83234,d11B,376.25
2.84505,d11B,308.99
2.8515,phytoplankton,252.44
2.8616,phytoplankton,217.39
2.88,d11B,190.18
2.88285,d11B,421.06
2.89,phytoplankton,235.33
2.89839,phytoplankton,371.48
2.90163,phytoplankton,151.56
2.9162,d11B,365.89
2.91737,phytoplankton,189.88
2.91877,d11B,221.33
2.9267,phytoplankton,151.31
2.927,d11B,362.81
2.93813,phytoplankton,191.3
2.94,phytoplankton,236.39
2.94122,d11B,349.12
2.94122,d11B,321.94
2.94297,d11B,331.45
2.94364,phytoplankton,287.33
2.95022,d11B,350.06
2.95022,d11B,391.96
2.95669,d11B,341.79
2.9717,d11B,323.37
2.9807,phytoplankton,145.74
2.99,phytoplankton,290.94
2.99791,phytoplankton,403.28
2.99811,d11B,366.03
3.00057,d11B,301.32
3.00219,phytoplankton,144.37
3.00665,d11B,346.46
3.01618,phytoplankton,149.03
3.02,phytoplankton,319.43
3.02322,d11B,366.8
3.03414,phytoplankton,147.82
3.04193,d11B,412.62
3.05127,d11B,411.24
3.0608,d11B,349.91
3.06467,d11B,401.62
3.06799,d11B,373.11
3.06914,phytoplankton,198.36
3.07,phytoplankton,248.89
3.07133,phytoplankton,328.81
3.07392,d11B,246.18
3.08138,d11B,325.19
3.08346,phytoplankton,258
3.08717,phytoplankton,143.77
3.0912,d11B,330.52
3.0963,phytoplankton,154.23
3.09949,d11B,312.53
3.10491,d11B,251.6
3.10612,phytoplankton,152.3
3.1122,d11B,376.68
3.12,phytoplankton,233.23
3.12598,phytoplankton,202.29
3.13044,phytoplankton,152.48
3.13459,d11B,332
3.14671,d11B,326.23
3.1498,d11B,285.04
3.15175,d11B,377.09
3.15224,d11B,351.63
3.15305,d11B,331.48
3.15435,d11B,331.95
3.15533,d11B,318.31
3.15592,d11B,225.8
3.1568,d11B,458.65
3.15875,d11B,324.01
3.16,phytoplankton,321.16
3.16005,d11B,327.25
3.16011,d11B,525.26
3.16038,d11B,434.93
3.16057,phytoplankton,184.13
3.16192,d11B,403.7
3.16314,d11B,360.58
3.17,phytoplankton,262.29
3.17143,phytoplankton,241.05
3.17665,d11B,369.45
3.18088,d11B,282.72
3.18088,d11B,270.33
3.1814,phytoplankton,146.3
3.18153,d11B,309.25
3.18478,d11B,324.96
3.18527,d11B,335.65
3.18641,d11B,470.59
3.1899,phytoplankton,153.74
3.19083,d11B,396.78
3.19203,d11B,317.91
3.19595,d11B,432.02
3.19999,phytoplankton,152.7
3.20288,d11B,350
3.2044,d11B,360.95
3.2044,d11B,338.3
3.20469,d11B,362.43
3.2053,d11B,426.95
3.20831,d11B,361.09
3.20923,phytoplankton,150.15
3.21102,d11B,392.39
3.21614,d11B,350.62
3.21795,d11B,398.28
3.21857,d11B,222.97
3.22006,d11B,382.43
3.22012,phytoplankton,149.22
3.22067,d11B,345.22
3.22308,d11B,307.79
3.22398,d11B,369.38
3.23,phytoplankton,238.52
3.23061,d11B,416.51
3.23302,d11B,306.52
3.23513,d11B,338.18
3.23513,d11B,320.45
3.23604,d11B,366.19
3.23916,d11B,270.84
3.24333,phytoplankton,153.14
3.2449,d11B,441.18
3.24542,phytoplankton,273.61
3.24782,d11B,384.48
3.25,phytoplankton,321.16
3.25,d11B,301.63
3.25214,d11B,349.65
3.25413,d11B,352.26
3.25703,phytoplankton,251.87
3.25914,d11B,223.33
3.25975,phytoplankton,151.66
3.26077,d11B,366.84
3.2671,phytoplankton,147.64
3.26807,d11B,351.09
3.27206,d11B,306.48
3.27526,phytoplankton,145.67
3.2787,d11B,389.69
3.28667,d11B,308.4
3.28675,phytoplankton,154.48
3.29024,d11B,354
3.29311,d11B,301
3.29643,d11B,387.36
3.29945,d11B,379.75
3.30003,phytoplankton,216.71
3.30261,d11B,458.94
3.30412,d11B,415.34
3.31076,d11B,400.57
3.3146,d11B,421.78
3.31752,d11B,323.99
3.3203,d11B,368.66
3.32159,d11B,250.07
3.32322,d11B,293.81
3.32614,d11B,413.92
3.3292,d11B,327.85
3.33213,d11B,315.76
3.38,phytoplankton,304.6
3.40324,d11B,244.63
3.40673,d11B,244.34
3.45479,phytoplankton,367.1
3.46,phytoplankton,317.86
3.46574,phytoplankton,279.43
3.47147,d11B,264.69
3.50634,phytoplankton,415.76
3.54,phytoplankton,315.64
3.54083,phytoplankton,248.72
3.54253,d11B,282.37
3.59077,d11B,264.3
3.62,phytoplankton,314.88
3.64955,phytoplankton,283.91
3.69,phytoplankton,333.95
3.71534,phytoplankton,261.95
3.71606,d11B,282.92
3.74655,phytoplankton,362.34
3.79218,d11B,260
3.81,phytoplankton,328.2
3.82888,phytoplankton,226.7
3.85,phytoplankton,293.19
3.87013,d11B,340.01
3.9,phytoplankton,334.54
3.93,phytoplankton,220.6
3.94777,phytoplankton,403.86
3.96107,d11B,278.71
3.9701,phytoplankton,247.57
4,phytoplankton,331
4.00318,d11B,415.83
4.00318,d11B,386.25
4.00887,phytoplankton,374.35
4.03,phytoplankton,244.46
4.03618,d11B,286.13
4.08098,phytoplankton,287.5
4.10539,phytoplankton,306.54
4.11,phytoplankton,301.8
4.11,phytoplankton,338.07
4.11713,d11B,330.25
4.21,phytoplankton,346.26
4.22571,d11B,397.22
4.22571,d11B,364.48
4.25543,phytoplankton,270.39
4.297,phytoplankton,105.59
4.3,phytoplankton,341.55
4.32106,phytoplankton,378.04
4.34,phytoplankton,327.24
4.39,phytoplankton,323.85
4.42,d11B,300.02
4.43,phytoplankton,290.48
4.437,phytoplankton,364.51
4.54,phytoplankton,344.52
4.58,phytoplankton,309.53
4.58,phytoplankton,334.3
4.5803,d11B,355.49
4.59081,phytoplankton,326.06
4.59258,phytoplankton,336.78
4.62,phytoplankton,343.03
4.624,phytoplankton,123.31
4.69,phytoplankton,317.29
4.75286,phytoplankton,425.6
4.78,phytoplankton,225.24
4.86,phytoplankton,236.36
4.86,d11B,429.87
4.93572,d11B,312.13
4.94,phytoplankton,252.04
4.94096,phytoplankton,341.62
4.97691,d11B,327.15
4.99853,d11B,319.94
5.00255,phytoplankton,334.89
5.009,phytoplankton,123.39
5.04,phytoplankton,238.46
5.05234,d11B,319.36
5.05768,d11B,391.88
5.11958,d11B,366.36
5.13346,phytoplankton,166.94
5.16889,d11B,310.38
5.17947,d11B,298.28
5.19,phytoplankton,245.96
5.19915,d11B,332.17
5.23413,d11B,307.05
5.26212,phytoplankton,311.66
5.264,phytoplankton,129.86
5.2724,d11B,382.4
5.29371,phytoplankton,341.22
5.3055,d11B,290.51
5.33,d11B,449.16
5.35876,d11B,332.84
5.38193,d11B,351.4
5.41684,d11B,299.97
5.45201,d11B,370.86
5.49403,d11B,344.07
5.53667,d11B,328.73
5.549,phytoplankton,131.55
5.56497,phytoplankton,235.24
5.57956,d11B,400.79
5.60156,d11B,299.25
5.65411,d11B,372.21
5.663,phytoplankton,130.92
5.70816,d11B,297.46
5.71484,d11B,302.06
5.76599,d11B,409.44
5.789,phytoplankton,105.09
5.799,phytoplankton,108.97
5.8,d11B,430.18
5.8074,d11B,294.7
5.81,d11B,312.26
5.823,phytoplankton,107.13
5.85219,d11B,283.05
5.85539,phytoplankton,299.68
5.8927,d11B,280.78
5.97138,d11B,302.78
6.00348,phytoplankton,402.12
6.0185,d11B,373.58
6.022,phytoplankton,202.55
6.03479,phytoplankton,243.12
6.06146,d11B,345.34
6.10294,d11B,359.41
6.106,phytoplankton,116.3
6.154,phytoplankton,111.87
6.19027,phytoplankton,350.39
6.215,phytoplankton,112.76
6.22933,d11B,413.74
6.261,phytoplankton,119.98
6.282,phytoplankton,119.59
6.29176,d11B,328.79
6.29889,d11B,381.47
6.305,phytoplankton,207.92
6.34643,d11B,376.37
6.361,phytoplankton,207.88
6.36967,phytoplankton,337.2
6.38508,d11B,309.75
6.406,phytoplankton,116.01
6.453,phytoplankton,119.35
6.45697,d11B,384.17
6.50465,d11B,320.68
6.507,phytoplankton,115.53
6.52515,phytoplankton,160.49
6.529,phytoplankton,121.13
6.54,d11B,382.21
6.56348,d11B,378.13
6.587,phytoplankton,124.03
6.58843,d11B,327.76
6.6046,d11B,434.23
6.63252,d11B,378.8
6.677,phytoplankton,127.74
6.707,phytoplankton,130.21
6.77237,d11B,408.27
6.78,phytoplankton,132.05
6.78753,d11B,333.75
6.843,phytoplankton,132.24
6.888,phytoplankton,128.44
6.93086,d11B,390.27
6.959,phytoplankton,134.63
7,d11B,420.68
7.00128,phytoplankton,503.35
7.049,phytoplankton,136.45
7.14028,phytoplankton,373.35
7.326,phytoplankton,235.77
7.609,phytoplankton,251.82
8.00036,phytoplankton,246.55
8.196,phytoplankton,275.74
8.45,d11B,402.55
8.56,d11B,489.26
8.924,phytoplankton,251.2
9.205,phytoplankton,235.97
9.24,d11B,441.19
9.293,phytoplankton,215.14
9.30814,phytoplankton,423.12
9.37,phytoplankton,220.66
9.421,phytoplankton,126.72
9.718,phytoplankton,276.94
9.836,phytoplankton,237.81
9.865,phytoplankton,115.88
9.87,d11B,313.36
9.941,phytoplankton,221.53
10.02,phytoplankton,133.96
10.114,phytoplankton,253.95
10.177,phytoplankton,148.22
10.241,phytoplankton,234.3
10.302,phytoplankton,230.54
10.33011,phytoplankton,285.05
10.364,phytoplankton,126.91
10.426,phytoplankton,117.8
10.478,phytoplankton,267.16
10.523,phytoplankton,136.2
10.6,d11B,359.52
10.706,phytoplankton,236.4
10.835,phytoplankton,125.21
11.189,phytoplankton,122.49
11.20048,phytoplankton,322.33
11.518,phytoplankton,227.96
11.54,d11B,353.79
11.579,phytoplankton,214.41
11.69787,d11B,445.73
11.733,phytoplankton,221.3
11.965,phytoplankton,219.21
12.037,phytoplankton,248.3
12.1,d11B,348.01
12.108,phytoplankton,139.78
12.185,phytoplankton,229
12.238,phytoplankton,247.75
12.28,phytoplankton,246.58
12.37458,d11B,338.74
12.46348,phytoplankton,375.31
12.468,phytoplankton,269.74
12.518,phytoplankton,136.13
12.52,d11B,298.99
12.588,phytoplankton,228.31
12.639,phytoplankton,229.57
12.691,phytoplankton,224.44
12.77405,d11B,388.96
12.777,phytoplankton,231.85
12.811,phytoplankton,138.44
12.85,phytoplankton,220.84
12.927,phytoplankton,210.79
12.983,phytoplankton,124.77
13.099,phytoplankton,235.28
13.1007,phytoplankton,336.24
13.22438,d11B,421.89
13.274,phytoplankton,222.38
13.326,phytoplankton,179.33
13.385,d11B,418.49
13.393,phytoplankton,230.45
13.443,phytoplankton,203.26
13.494,phytoplankton,240.84
13.535,d11B,412.3
13.592,phytoplankton,249.85
13.602,phytoplankton,127.97
13.61,d11B,439.68
13.644,phytoplankton,142.55
13.6468,d11B,463.98
13.651,phytoplankton,143.55
13.658,phytoplankton,143.07
13.665,phytoplankton,143.16
13.672,phytoplankton,136.85
13.679,phytoplankton,129.38
13.693,phytoplankton,139.27
13.704,phytoplankton,129.5
13.70885,d11B,468.46
13.709,phytoplankton,134.03
13.716,phytoplankton,139.39
13.73297,d11B,425.06
13.741,phytoplankton,141.33
13.753,phytoplankton,143.91
13.76,phytoplankton,139.09
13.76313,d11B,402.12
13.766,phytoplankton,152.01
13.767,phytoplankton,250.35
13.773,phytoplankton,147.14
13.77714,phytoplankton,269.14
13.779,phytoplankton,143.01
13.785,phytoplankton,262.99
13.786,phytoplankton,137.02
13.792,phytoplankton,142.38
13.799,phytoplankton,145.47
13.81,stomata,487
13.82942,d11B,549.34
13.843,phytoplankton,223.7
13.855,phytoplankton,273.98
13.87052,d11B,456.39
13.90177,d11B,518.7
13.93665,d11B,462.73
13.95,d11B,572.51
14.18422,d11B,632.88
14.35844,phytoplankton,558.17
14.465,phytoplankton,254.48
14.557,phytoplankton,157.37
14.598,phytoplankton,137.29
14.645,phytoplankton,335.49
14.692,phytoplankton,274.15
14.74,phytoplankton,430.52
14.779,phytoplankton,355.23
15.03,phytoplankton,343.14
15.13656,d11B,547.35
15.65358,d11B,475.42
15.67094,d11B,490.48
15.71546,d11B,674.39
15.72953,d11B,717.54
15.74359,d11B,518.41
15.749,phytoplankton,299.92
15.75616,phytoplankton,655.15
15.77172,d11B,462.23
15.78,stomata,479
15.78,stomata,548
15.81392,d11B,452.32
15.83807,d11B,575.31
15.84,phytoplankton,394.41
15.84205,d11B,751.43
15.88424,d11B,455.88
15.89831,d11B,483.59
15.93488,d11B,787.41
15.96863,d11B,665
15.99438,d11B,642.63
16.01,d11B,519.01
16.01151,d11B,442.59
16.02,d11B,379.51
16.03908,d11B,449.13
16.04284,d11B,492.34
16.0491,d11B,910.53
16.05537,d11B,501.15
16.066,phytoplankton,339.88
16.07,d11B,424.17
16.08669,d11B,454.35
16.111,phytoplankton,369.82
16.11175,d11B,612.2
16.12428,d11B,481.45
16.132,phytoplankton,313.25
16.13681,d11B,423.62
16.14934,d11B,370.75
16.16187,d11B,713.32
16.1744,d11B,430.86
16.18693,d11B,707.82
16.19946,d11B,409.46
16.21199,d11B,756.86
16.22,d11B,369.71
16.22452,d11B,654.01
16.23079,d11B,355.84
16.24958,d11B,782.04
16.29261,d11B,419.79
16.30728,d11B,384.24
16.316,phytoplankton,329.94
16.31706,d11B,370.12
16.33662,d11B,515.84
16.38,d11B,344.72
16.38552,d11B,328.3
16.428,phytoplankton,317.18
16.484,d11B,392.69
16.655,phytoplankton,267.98
16.72,d11B,570.14
16.78,stomata,506
16.82,phytoplankton,383.66
16.844,phytoplankton,165.8
16.86,d11B,371.07
16.9,d11B,389.43
17.014,phytoplankton,144.76
17.08,d11B,342.4
17.376,phytoplankton,136.94
17.484,phytoplankton,159.28
17.72,d11B,490.26
17.75,stomata,367
17.796,phytoplankton,163.09
17.902,phytoplankton,269.41
18.1,stomata,827.97
18.25,d11B,311.53
18.26,phytoplankton,409.36
18.435,phytoplankton,426.51
18.51,d11B,351.52
18.517,phytoplankton,276.99
18.594,phytoplankton,251.96
18.679,phytoplankton,252.77
18.774,phytoplankton,520.6
19.14,d11B,385.41
19.146,phytoplankton,301.89
19.226,phytoplankton,309.01
19.296,phytoplankton,372.49
19.43,d11B,285.57
19.816,phytoplankton,288.02
19.934,phytoplankton,340.32
20.02,d11B,356.5
20.09,d11B,255.52
20.3,phytoplankton,307.54
20.56,d11B,394.84
20.876,phytoplankton,311.61
21.09,stomata,407.67
21.16732,d11B,335.94
21.281,phytoplankton,296.38
21.326,phytoplankton,324
21.39608,d11B,299.99
21.468,phytoplankton,270.58
21.73,stomata,809
21.755,phytoplankton,317.48
21.78,d11B,302.26
21.8397,d11B,305.89
22.022,d11B,277.72
22.161,d11B,393.09
22.442,d11B,380.95
22.51,d11B,315.84
22.521,d11B,371.11
22.58,d11B,367.21
22.589,d11B,291.65
22.661,d11B,315.91
22.673,d11B,348.85
22.696,d11B,290.14
22.728,d11B,229.17
22.736,d11B,271.62
22.81,d11B,228.01
22.815,d11B,233.15
22.82,d11B,250.59
22.872,d11B,346.68
22.895,d11B,300.45
22.939,d11B,252.83
22.94,phytoplankton,482.58
22.946,stomata,442
22.968,stomata,538
22.968,d11B,237.64
22.988,stomata,529
23.008,d11B,248.25
23.019,stomata,444
23.023,d11B,261.28
23.075,d11B,292.57
23.084,phytoplankton,409.29
23.087,d11B,286.3
23.094,d11B,270.56
23.157,d11B,255.97
23.249,d11B,291.18
23.264,d11B,285.89
23.306,d11B,250.24
23.338,d11B,256.24
23.48,phytoplankton,406.16
23.568,phytoplankton,293.49
23.575,d11B,252.89
23.579,d11B,248.88
23.662,d11B,249.15
23.733,d11B,290.86
23.75,stomata,619.05
23.797,d11B,257.3
23.8,stomata,436.07
23.821,d11B,258.85
23.857,d11B,326.18
23.928,d11B,243.75
23.978,d11B,221.61
24,stomata,546.19
24.018,d11B,261.88
24.40439,phytoplankton,364.26
24.71744,phytoplankton,513.54
24.74532,phytoplankton,693.53
25,stomata,290.64
25,stomata,443.61
25,stomata,489.17
25.19612,phytoplankton,341.59
25.28643,phytoplankton,392.61
25.3,phytoplankton,483.19
25.87778,phytoplankton,463.04
26.04771,phytoplankton,465.21
26.10296,phytoplankton,407.48
26.12799,phytoplankton,425.65
26.5,stomata,370.92
26.57,phytoplankton,524.91
27.23,stomata,384
27.85,phytoplankton,557.54
28.11606,phytoplankton,337.21
28.5,stomata,390
28.5637,phytoplankton,558.31
28.78,phytoplankton,571.19
29.21,phytoplankton,664.84
29.5,stomata,719
29.57,phytoplankton,731.06
29.64,phytoplankton,682.07
30.03323,phytoplankton,549.82
30.06454,phytoplankton,395.34
30.09847,phytoplankton,660.74
30.1772,phytoplankton,603.41
30.45,stomata,564.24
30.7,stomata,303.73
30.71268,phytoplankton,588.15
30.71912,phytoplankton,573.98
31.27,phytoplankton,562.99
31.45,stomata,465.1
31.56215,phytoplankton,300.83
31.76227,phytoplankton,268.38
31.96196,phytoplankton,383.01
32.04,phytoplankton,594.67
32.16249,phytoplankton,402.39
32.32079,phytoplankton,672.44
32.36219,phytoplankton,319.44
32.52045,phytoplankton,574.09
32.58,phytoplankton,600.81
32.60534,phytoplankton,552.54
32.81976,phytoplankton,539.17
32.83,phytoplankton,576.08
32.91247,phytoplankton,344.02
32.98,d11B,573.28
33.17,d11B,734.17
33.17295,phytoplankton,332.56
33.22333,phytoplankton,297.35
33.25618,phytoplankton,375
33.25726,phytoplankton,492.94
33.32869,phytoplankton,596.02
33.33,d11B,931.04
33.36171,phytoplankton,777.89
33.38,d11B,964.47
33.43237,phytoplankton,392.2
33.45,stomata,332.62
33.45,stomata,368.34
33.47662,phytoplankton,377.47
33.48883,phytoplankton,384.33
33.57,phytoplankton,537.14
33.59,d11B,722.47
33.61336,phytoplankton,283.66
33.6141,phytoplankton,427.86
33.65063,phytoplankton,468.11
33.66737,phytoplankton,512.16
33.68825,phytoplankton,565.17
33.76833,phytoplankton,546.2
33.96,d11B,952.25
34.09877,phytoplankton,685.23
34.12404,phytoplankton,537.53
34.13918,phytoplankton,799.02
34.21,d11B,1007.85
34.42,d11B,989.62
34.47721,phytoplankton,564.23
34.63,d11B,837.45
34.94417,phytoplankton,783.65
35.01875,phytoplankton,447.92
35.2336,phytoplankton,766.01
35.29,phytoplankton,671.52
35.36243,phytoplankton,564.62
35.4488,phytoplankton,766.67
35.55796,phytoplankton,786.06
35.56,phytoplankton,691.22
35.6,stomata,509.28
35.60014,phytoplankton,596.95
35.60171,phytoplankton,740.68
35.60755,d11B,910.3
35.71835,phytoplankton,449.92
35.8863,phytoplankton,924.49
35.9,stomata,526.05
35.90729,phytoplankton,632.17
36.09,phytoplankton,824.36
36.10932,phytoplankton,525.13
36.11425,phytoplankton,600.76
36.15,stomata,479.89
36.16867,phytoplankton,787.76
36.3,stomata,412.03
36.39642,d11B,871.97
36.55,stomata,373.15
36.60844,phytoplankton,578.04
36.65842,phytoplankton,776.84
36.81,phytoplankton,872.01
36.9,d11B,805.11
36.96328,d11B,883
36.96328,d11B,830.6
36.96465,phytoplankton,597.8
37.16077,phytoplankton,695.42
37.25021,phytoplankton,441.83
37.43,phytoplankton,763.48
37.63608,d11B,814.01
38.10941,d11B,898.8
38.13464,phytoplankton,960.23
38.18364,phytoplankton,588.05
38.25,phytoplankton,624.9
38.25,stomata,610.63
38.25,stomata,422.77
38.42507,phytoplankton,508.2
38.49119,phytoplankton,931.83
38.55,phytoplankton,677.44
38.62,phytoplankton,647.13
38.62106,phytoplankton,613.84
38.78108,d11B,893.23
38.78108,d11B,887.01
38.78108,d11B,950.09
38.78108,d11B,947.84
39.12361,d11B,786.69
39.13465,phytoplankton,517.53
39.32736,d11B,895.56
39.35215,phytoplankton,769.99
39.37068,phytoplankton,873.4
39.38288,phytoplankton,860.52
39.40147,phytoplankton,708.23
39.42325,phytoplankton,1071.17
39.43515,phytoplankton,750.45
39.44598,d11B,787.87
39.44598,d11B,945.83
39.46427,phytoplankton,588.78
39.51034,phytoplankton,1001.59
39.58087,phytoplankton,695.45
39.65139,phytoplankton,822.08
39.70543,phytoplankton,655.92
39.7759,phytoplankton,593.21
39.80793,d11B,1072.46
39.87116,phytoplankton,834.29
39.91095,d11B,886.85
39.91862,d11B,998.16
39.93357,d11B,1094.65
39.95809,d11B,925.51
39.9742,phytoplankton,1027.5
39.98267,d11B,866.11
39.98967,d11B,982.09
40.00018,d11B,898.81
40.0312,d11B,1059.41
40.06154,d11B,1171.7
40.07413,d11B,1056.55
40.08932,d11B,794.56
40.09217,d11B,1358.88
40.10964,d11B,809.06
40.11088,d11B,1196.81
40.11557,d11B,1295.88
40.12533,d11B,1321.8
40.13768,d11B,1557.31
40.13968,d11B,1399.88
40.13968,d11B,1344.13
40.16872,d11B,1839.2
40.24151,d11B,1336.1
40.2444,d11B,937.03
40.25021,d11B,955.94
40.25064,d11B,966.73
40.25194,d11B,786.23
40.2699,phytoplankton,659.45
40.3,d11B,681.23
40.30935,d11B,961.74
40.33761,d11B,1121.34
40.338,d11B,1001.93
40.37766,d11B,907.54
40.39407,d11B,935
40.5168,d11B,1008.14
40.5172,d11B,937.45
40.60542,d11B,543.41
40.62924,d11B,1130.03
40.64894,d11B,894.24
40.72572,d11B,876.49
40.80585,phytoplankton,1004.72
40.81032,d11B,1090.99
40.81685,d11B,933.34
40.9178,d11B,864.55
40.92052,d11B,944.47
40.933,d11B,918.97
41.01233,d11B,1169.12
41.06415,d11B,937.83
41.12955,d11B,863.22
41.3368,phytoplankton,628.48
41.46776,d11B,963.44
41.5295,d11B,830.59
41.796,d11B,790.99
42.34766,phytoplankton,1014.59
42.38736,d11B,885.73
42.5,stomata,424
42.92895,phytoplankton,1037.65
43.06805,d11B,945.05
43.06805,d11B,955.12
43.3836,d11B,857.89
43.74422,d11B,1044.29
43.763,d11B,1018.58
44.4,d11B,966.52
44.53761,d11B,1063.92
44.825,d11B,927.04
44.87344,d11B,1014.87
44.87344,d11B,1023.7
44.87344,d11B,895.03
44.87344,d11B,874.28
45.12822,phytoplankton,936.32
45.20477,d11B,958.56
45.20477,d11B,1116.12
45.6,d11B,1117.07
45.701,d11B,848.1
45.7536,d11B,1030.3
46.31708,d11B,1004.96
46.571,d11B,1084.14
46.65517,d11B,962.4
47.33135,d11B,1070.43
47.496,d11B,1420.45
47.8,stomata,1149
48,stomata,634
48.01542,d11B,1136.71
48.01542,d11B,1039.03
48.11248,d11B,985.12
48.137,d11B,1907.63
49.001,d11B,1754.53
49.13449,d11B,1185.02
49.81856,d11B,1116.42
49.831,d11B,1226.98
49.99074,d11B,1476.54
49.99074,d11B,1491.93
50.54161,d11B,2127.59
50.59376,d11B,2157.37
50.60324,d11B,2117.77
50.60324,d11B,2275.91
50.6222,d11B,2164.98
50.68301,d11B,1735.79
50.705,d11B,1157.47
50.856,d11B,1135.38
51.28852,d11B,1881.72
51.60489,d11B,1123.64
51.63147,d11B,1276.03
51.63147,d11B,1345.44
51.65806,d11B,1671.15
51.65806,d11B,1489.02
51.65806,d11B,1407.67
51.71123,d11B,1912
51.98,d11B,1285.1
51.98,d11B,1011.62
52.2,liverworts,1967
52.88166,d11B,1284.47
52.88166,d11B,940.43
53.2,d11B,1431.07
53.628,d11B,1027.76
53.87147,d11B,869.4
53.94217,d11B,695.34
53.95257,d11B,1053.52
53.96301,d11B,809.84
53.96335,d11B,886.88
53.96926,d11B,577.16
53.97413,d11B,1002.19
53.98658,d11B,1089.96
54.00784,d11B,871.74
54.01739,d11B,1305.17
54.02685,d11B,1498.24
54.03809,d11B,1213.85
54.03898,d11B,875.38
54.04412,d11B,980.17
54.04689,d11B,488.18
54.04718,d11B,606.57
54.04774,d11B,743.95
54.04901,d11B,2335.39
54.04972,d11B,1213.46
54.04972,d11B,995.53
54.04997,d11B,646.56
54.05015,d11B,1025.16
54.05075,d11B,746.85
54.05135,d11B,1389.13
54.05153,d11B,815.48
54.05257,d11B,645.17
54.05413,d11B,564.28
54.05451,d11B,578.77
54.06041,d11B,495.41
54.06475,d11B,482.78
54.07454,d11B,547.75
54.0803,d11B,570.33
54.08801,d11B,527.38
54.678,d11B,647.83
55.39367,d11B,1336.63
55.42256,d11B,1341.34
55.43923,d11B,1474.93
55.49034,d11B,1156.24
55.51201,d11B,1692.1
55.52256,d11B,1436.48
55.541,d11B,796.67
55.54256,d11B,952.38
55.56478,d11B,997.19
55.59034,d11B,867.32
55.61145,d11B,1004.11
55.6359,d11B,1137.57
55.65701,d11B,1046.44
55.67812,d11B,1388.35
55.68384,d11B,1068.5
55.69,stomata,323
55.69,stomata,323
55.69929,d11B,982.37
55.72046,d11B,1478
55.73495,d11B,1409.65
55.74052,d11B,1996.73
55.74754,d11B,973.65
55.76034,d11B,1257.64
55.77686,d11B,1151.97
55.79124,d11B,1231.94
55.7975,d11B,2037.38
55.80802,d11B,1191.61
55.82225,d11B,1201.47
55.83017,d11B,1140.32
55.83646,d11B,1932.7
55.83677,d11B,1874.57
55.84336,d11B,989.76
55.85128,d11B,1964.02
55.88116,d11B,2901.36
55.88269,d11B,1731.84
55.89158,d11B,1531.93
55.90164,d11B,1968.01
55.90673,d11B,817.94
55.919,d11B,1091.12
55.91978,d11B,797.7
55.929,d11B,684.83
55.93904,d11B,1171.59
55.96084,d11B,897.57
55.97788,d11B,818.15
56.02417,d11B,961.13
56.04042,d11B,1287.63
56.05179,d11B,804.65
56.066,d11B,946.36
56.1,stomata,303
56.10215,d11B,1089.65
56.13464,d11B,817.22
56.141,stomata,300
56.143,stomata,390
56.163,stomata,299
56.33688,d11B,545.95
56.4,stomata,306
56.464,stomata,309
56.607,stomata,317
56.743,stomata,312
56.743,stomata,314
56.743,stomata,307
57.154,stomata,363
57.6,stomata,517
58.136,stomata,353
58.85,liverworts,683
60.375,stomata,451
60.375,stomata,409
63.8,liverworts,813
63.8,stomata,559.33
63.8,stomata,746
64.6,stomata,895
64.8,stomata,1002
65.33,stomata,665
65.543,stomata,630
65.6141,d11B,1555.92
65.65,stomata,1143
65.9212,d11B,1055.76
65.957,d11B,1159.23
65.9863,d11B,847.59
65.9975,d11B,682.57
66.02,d11B,1306.07
66.039,d11B,1667.74
66.039,d11B,1578.1
66.039,d11B,1935.39
66.0425,stomata,873
66.0456,d11B,1041.12
66.054,d11B,976.4
66.094,d11B,1001.07
66.13233,d11B,874.86
66.17268,d11B,1526.8
66.32,d11B,1017.06
66.543,stomata,624
66.82,d11B,959.9
66.82,d11B,1030.96
66.919,paleosols,664.696246
66.93,paleosols,265.4759711
66.99,paleosols,219.1370561
67,stomata,648.52
67.04,paleosols,128.3242859
67.175,paleosols,300
67.175,paleosols,560
67.243,paleosols,806.2576068
67.393,paleosols,587.0932473
68.00350329,paleosols,1228.252481
68.12027499,paleosols,987.0750268
68.3,paleosols,175.0105056
68.449,paleosols,1332.876013
68.5,paleosols,10.43038521
68.504,paleosols,1685.632238
68.606,paleosols,822.3063261
68.606,paleosols,1373.043226
68.619,paleosols,1212.285206
68.66,paleosols,170.6899863
68.81,paleosols,109.7497738
68.869,paleosols,1609.413111
68.933,paleosols,1849.933037
68.98,paleosols,158.3612982
69.05,paleosols,60
69.05,paleosols,172
69.05,paleosols,252
69.05,paleosols,328
69.05,stomata,465
69.1,paleosols,138.293818
69.17930421,paleosols,812.7849061
69.25,paleosols,202.2382201
69.37,paleosols,145.0400459
69.39,paleosols,893.7432424
69.53,paleosols,344.5674386
69.637,paleosols,2174.657217
69.69,paleosols,203.5772588
69.88,paleosols,309.1113101
69.88162608,paleosols,1855.723314
70,paleosols,375.4600076
70,liverworts,670.3227
70.06,paleosols,328.6733358
70.083,paleosols,1263.509295
70.2,paleosols,121.5919932
70.33,paleosols,38.19272509
70.36166425,paleosols,1247.995813
70.49,paleosols,125.8925092
71.052,paleosols,3459.934989
71.35,paleosols,254.2082121
71.433,paleosols,1553.29884
71.45,paleosols,289.2475266
71.6,paleosols,294.3462289
72.10539566,paleosols,679.7424626
72.27589546,paleosols,992.1347225
72.5,stomata,558.9897328
72.55116651,paleosols,2454.498614
72.97968464,paleosols,1472.547965
73.1,stomata,568.424122
73.7,stomata,571.6977253
73.82814001,paleosols,1659.545819
74.22592074,paleosols,1395.662255
74.7,stomata,589.1256258
75.35760348,paleosols,2203.326272
75.4,stomata,592.8393714
75.77220307,paleosols,1737.866527
75.9,stomata,695.1100556
77.125,paleosols,480
77.85,paleosols,504
77.85,paleosols,1180
78,phytoplankton,991.7
78.1,stomata,568.424122
79.9,stomata,581.9335313
81,phytoplankton,609.6
81.5,stomata,585.4911836
83,paleosols,1522
83.25,paleosols,740
84.95,stomata,531.2031175
84.95,stomata,565.2162147
84.95,stomata,660.172314
85,phytoplankton,663.7
86,phytoplankton,610.4
88,phytoplankton,764.4
90,phytoplankton,875.8
91,phytoplankton,704.6
92.15,paleosols,620.375
93.868,stomata,436.2
93.936,stomata,431.05
93.955,stomata,369.65
94,phytoplankton,511.5
94,phytoplankton,721.1
94,phytoplankton,906.4
94,phytoplankton,1059.4
94,phytoplankton,893
94,phytoplankton,1016.3
94,phytoplankton,863.8
94,phytoplankton,1025.9
94,phytoplankton,1076.5
94,phytoplankton,1087.1
94,phytoplankton,1203
94,phytoplankton,696.1
94,phytoplankton,616.6
94,phytoplankton,639.9
94,phytoplankton,634.4
94,phytoplankton,801
94.012,stomata,465.85
94.033,stomata,424.9
94.046,stomata,485.3
94.066,stomata,507.85
94.09,stomata,396.25
94.09,stomata,446.45
94.09,stomata,448.45
94.1,stomata,360.4
94.14,stomata,456.65
94.21,stomata,444.35
94.28,stomata,409.55
94.31,stomata,384
94.37,stomata,380.9
94.52,stomata,365.55
95,phytoplankton,792
95,phytoplankton,1156.7
95,phytoplankton,1683
95,phytoplankton,1490.4
95,phytoplankton,1062.8
95,phytoplankton,903.4
95,phytoplankton,887.1
95,phytoplankton,899.2
95,phytoplankton,830.9
95,phytoplankton,1021.5
95,phytoplankton,1069.9
95,phytoplankton,863.1
95,phytoplankton,989.2
95,phytoplankton,875.3
95.25,paleosols,1307.2
96,phytoplankton,1239.5
96,phytoplankton,1114.3
96,phytoplankton,716.9
96,phytoplankton,680.9
96,phytoplankton,836.5
96,phytoplankton,1427.8
96,phytoplankton,1337.4
96,phytoplankton,1425.2
96,phytoplankton,923.2
96,phytoplankton,1130
96,phytoplankton,1024.1
96,phytoplankton,1224.8
96,phytoplankton,1021.5
96,phytoplankton,950.6
96,phytoplankton,851
96,phytoplankton,1173.5
97,phytoplankton,1134.9
97,phytoplankton,1186
97,phytoplankton,907.1
97,phytoplankton,1099.9
97,phytoplankton,1457
97,phytoplankton,911.3
97,phytoplankton,924.1
97,phytoplankton,1112.4
97,phytoplankton,1193.6
97,phytoplankton,1037.1
97,phytoplankton,902.3
97,phytoplankton,902.3
97,phytoplankton,935.2
97.2,stomata,1027.5
98,paleosols,1520
99,phytoplankton,762.5
100,paleosols,746
100.5,paleosols,1368
100.59,stomata,651
100.6,stomata,670
100.7,stomata,563
100.71,stomata,535
100.75,liverworts,797.1615
100.8,paleosols,763.2
100.83,stomata,1254
100.84,stomata,815
100.85,stomata,422
100.9,stomata,493
101.75,stomata,851.775
101.75,stomata,917.325
101.75,stomata,954
101.75,stomata,973.5
102,paleosols,1428
102,phytoplankton,1132.5
102,phytoplankton,935.3
102.4,paleosols,620.8
102.5,paleosols,886
103,stomata,1048.5
103.1,paleosols,792
103.3,paleosols,1052
103.5,paleosols,1060
104.05,liverworts,829.80755
104.05,liverworts,977.1945
104.05,liverworts,1000.8842
104.125,stomata,710
104.6,paleosols,1246.4
104.7,paleosols,1139.2
104.8,paleosols,1254.4
106.1,paleosols,1399.2
106.4,paleosols,1474.4
106.5,paleosols,1679.2
106.6,paleosols,1496.8
106.75,paleosols,600
106.75,stomata,662
106.75,stomata,734
106.75,stomata,828
106.9,paleosols,1496
107.8,paleosols,1200.8
108.8,paleosols,1015.2
110.3,paleosols,1064.8
110.375,stomata,710
111,phytoplankton,1127.3
111.1,paleosols,1636.8
111.5,paleosols,996
111.5,paleosols,1966.4
111.8,paleosols,1880
111.875,liverworts,653.5093
112.3,paleosols,1828.8
112.6,stomata,846.0833333
112.6,stomata,856.4166667
112.7,paleosols,1419.2
113.4,paleosols,591.2
113.5,paleosols,449
113.5,paleosols,1335
113.8,paleosols,1295.2
114,stomata,981.5
114.8,paleosols,1514.4
114.9,paleosols,1426.4
115,phytoplankton,908.3
115,phytoplankton,997.4
115.3,paleosols,1367.2
115.5,paleosols,986
116,paleosols,1071
116,phytoplankton,1289.7
116,phytoplankton,1280.2
116,phytoplankton,1188.8
116.1,paleosols,1665.6
116.5,stomata,700
116.5,paleosols,1190
117,stomata,795.5
117,phytoplankton,838.6
117,phytoplankton,1227.9
117,phytoplankton,1340
117.8,paleosols,1364
118,stomata,892.6229508
118,phytoplankton,1231.6
118.86,alkenones,761.9951837
118.86,alkenones,1903.992667
119.1365,alkenones,1226.623212
119.1365,alkenones,1379.298506
119.4,paleosols,1179
119.566,alkenones,1634.022914
119.566,alkenones,1746.151385
119.566,alkenones,2004.592701
119.566,alkenones,2005.346067
119.566,alkenones,2058.443357
119.65,paleosols,592
119.65,paleosols,904
119.65,paleosols,1076
119.65,paleosols,1084
119.9405,alkenones,1254.628183
119.9405,alkenones,1321.965487
119.9405,alkenones,1844.591634
119.9405,alkenones,1894.482964
119.9405,alkenones,1941.765933
119.9405,alkenones,2187.059149
120,phytoplankton,1047.8
120.135,alkenones,895.5945104
120.135,alkenones,914.7961523
120.135,alkenones,1098.802029
120.135,alkenones,1117.470931
120.135,alkenones,1436.647926
120.135,alkenones,1596.129513
120.31,alkenones,971.6179582
120.31,alkenones,974.9345367
120.95,stomata,823.5833333
120.95,stomata,839.0833333
121,stomata,572.85
121,stomata,592.875
121,stomata,733.875
121,stomata,769.35
121,stomata,781.95
121,stomata,784.125
121,stomata,836.85
121,stomata,867.3
121,stomata,867.3
121,stomata,907.875
121,stomata,1059.975
121,stomata,1059.975
121.9,liverworts,1050.542
122,phytoplankton,895.8
122,phytoplankton,836.1
122,phytoplankton,975.2
123,stomata,695
123.3,paleosols,736
123.6,paleosols,607.2
123.7,paleosols,824
123.8,paleosols,1017.6
124,phytoplankton,960.3
124.65,stomata,630
124.65,stomata,1008.333333
126.4,paleosols,1064.8
126.6,paleosols,1509.6
127.5,paleosols,1704
127.85,paleosols,392.5285481
127.9,stomata,591.8478261
127.9,stomata,630
129.8,paleosols,940
130.1,paleosols,1150
130.1,paleosols,112
130.15,stomata,550
130.2,paleosols,1023.2
130.8,paleosols,842.4
131.3,paleosols,1909.6
131.4,stomata,620
131.45,stomata,776
131.6,stomata,513
132,paleosols,2561.6
132.95,stomata,650
134.25,paleosols,653.3333333
135.1,stomata,1448.161765
135.65,paleosols,923.5978
137.9,paleosols,173.7357121
139.25,liverworts,982.026
139.45,stomata,1150.573642
139.45,stomata,1228.140404
139.45,stomata,1442.011821
140,phytoplankton,822.5
140,phytoplankton,867.7
142,stomata,735.8108108
142,stomata,812.6865672
142.2,paleosols,560
143.5,paleosols,232.3598661
143.5,stomata,972.3214286
144,phytoplankton,643.2
145,phytoplankton,1062.4
145,phytoplankton,779.3
145,phytoplankton,732.7
145,phytoplankton,609
145,phytoplankton,586.2
146,phytoplankton,541.6
146,phytoplankton,693.1
146,phytoplankton,674.4
147,phytoplankton,724.7
148,stomata,735.8108108
148,phytoplankton,785.1
148,phytoplankton,588.6
148,phytoplankton,617.9
149,phytoplankton,747.1
149,phytoplankton,662.8
150,phytoplankton,727.2
150,phytoplankton,788.2
150,phytoplankton,601.3
153.4,stomata,938.7931034
154.7,paleosols,1272
155,phytoplankton,675.5
155,phytoplankton,707.3
155,phytoplankton,746.7
155,phytoplankton,661.8
155,phytoplankton,785
155,phytoplankton,654.1
155,phytoplankton,689.5
155,phytoplankton,786.1
155,phytoplankton,536.9
155,phytoplankton,1019.3
155,phytoplankton,936.3
157.8,paleosols,557.6666667
159,phytoplankton,815.1
159,phytoplankton,759.3
161.7,liverworts,697.9102
168,stomata,926.3092881
168,stomata,1031.174491
168.4,stomata,815.8260234
168.8,stomata,639
168.8,stomata,879.2410714
168.8,stomata,1134
168.8,stomata,1188
168.8,stomata,1296
168.8,stomata,1372.5
168.8,stomata,1422
169.5,liverworts,636.71275
171.2,stomata,954
171.2,stomata,990
172.2,paleosols,768
172.2,stomata,895.9384918
172.2,stomata,1893.75
177,phytoplankton,939
177,phytoplankton,987.6
178,phytoplankton,680.5
178,phytoplankton,1031.3
178,phytoplankton,975.9
178,phytoplankton,1022.2
178,phytoplankton,807.6
178,phytoplankton,666.8
178,phytoplankton,694.7
179,phytoplankton,966.4
179,phytoplankton,1037.2
180,phytoplankton,1013.8
180,phytoplankton,957.1
181,phytoplankton,983.7
181,phytoplankton,995.5
182,phytoplankton,795.9
182,phytoplankton,979.8
182.4,paleosols,1112.5
182.5,stomata,1050
182.6,stomata,1550
182.7,stomata,550
182.8,stomata,950
182.9,stomata,950
183,stomata,600
184,phytoplankton,645.9
186.75,stomata,809.4
186.75,stomata,942.2801379
187.7,stomata,734.8880597
187.7,liverworts,919.2214
187.7,paleosols,1824
196.05,paleosols,1204
198.99,paleosols,1178.666667
199.79,paleosols,523.3333333
200,phytoplankton,870.5
200.15,paleosols,610
200.23,paleosols,1018.666667
200.3,stomata,863.8157895
200.3,paleosols,992
200.31,paleosols,1810.666667
200.33,paleosols,1766
200.35,paleosols,1411.333333
200.3625917,paleosols,1664
200.37,paleosols,997.3333333
200.39,paleosols,2002
200.44,paleosols,1921.333333
200.46,paleosols,3394.666667
200.4778264,paleosols,2087.333333
200.53,paleosols,2750
200.53,paleosols,2997.333333
200.58,paleosols,1469.333333
200.58,paleosols,1696.666667
200.63,paleosols,1544.666667
200.63,paleosols,2048
200.63,paleosols,2186.666667
200.65,stomata,715.5
200.65,paleosols,1992
200.66,paleosols,2303.333333
200.68,paleosols,1874
200.69,paleosols,2012.666667
200.71,paleosols,1818
200.73,paleosols,2382.666667
200.75,paleosols,3012
200.77,paleosols,2353.333333
200.77,paleosols,2927.333333
200.78,paleosols,1986.666667
200.78,paleosols,3648.666667
200.84,paleosols,1499.333333
200.906244,paleosols,3294
200.906244,paleosols,3515.333333
200.9143246,paleosols,1299.333333
201.0246676,paleosols,1570.666667
201.05,stomata,1140
201.05,stomata,1320
201.05,stomata,1468.5
201.05,stomata,2791.5
201.0743338,paleosols,2472
201.1183803,paleosols,1761.333333
201.1629623,paleosols,2306.666667
201.18,paleosols,2049.333333
201.1999061,paleosols,2009.333333
201.2115987,paleosols,2438
201.2115987,paleosols,2676.666667
201.2156532,paleosols,2700
201.2262879,paleosols,2713.333333
201.2262879,paleosols,2822.666667
201.256565,paleosols,2302
201.26,paleosols,3457.333333
201.2775486,paleosols,2384.666667
201.3,stomata,1534.5
201.3,stomata,1603.875
201.3,stomata,2151.75
201.3878463,paleosols,2389.333333
201.4538482,paleosols,2818.666667
201.4895,paleosols,2956
201.5091021,paleosols,710
201.54,paleosols,710
201.55,stomata,702
201.55,stomata,880.5
201.55,stomata,1092
201.55,stomata,1113
201.55,stomata,1122.39225
201.55,stomata,1194.75
201.55,stomata,1206
201.55,stomata,1236
201.55,stomata,1445.25
201.55,stomata,1459.125
201.55,stomata,1599.75
201.55,stomata,1761
201.7261428,paleosols,1191.333333
201.76,paleosols,1189.6
201.8136221,paleosols,1494.666667
201.84,paleosols,1494.733333
201.8767453,paleosols,1502
201.91,paleosols,1502
202.0729702,paleosols,1508.666667
202.1,paleosols,1508.866667
202.1734094,paleosols,1064.666667
202.5102916,paleosols,1612.666667
202.58,paleosols,1064.533333
202.78,paleosols,1613.266667
202.9541681,paleosols,1487.333333
203.093487,paleosols,1298
203.15,stomata,907.5
203.34,paleosols,1486.8
203.54,paleosols,1297.866667
203.5718273,paleosols,1021.333333
203.65,stomata,2200
203.7123221,paleosols,1854.666667
203.87,paleosols,1942.533333
203.9456002,paleosols,983.3333333
204.09,paleosols,1021.333333
204.39,paleosols,1854.466667
204.62,paleosols,1427.133333
204.64,paleosols,1973.333333
204.66,paleosols,2023.8
204.9,stomata,1471.5
205,paleosols,1376.666667
205,phytoplankton,1229.6
205.15,paleosols,1233.546667
205.15,paleosols,1293.693333
205.15,paleosols,1626.42
205.4,paleosols,341
205.4,paleosols,513
205.4,paleosols,613.5
205.4,paleosols,622.5
205.4,paleosols,661
205.4,stomata,757.5
205.4,paleosols,773
205.4,stomata,834.5338983
205.4,paleosols,843
205.4,paleosols,862.6666667
205.4,paleosols,879.5
205.4,paleosols,961
205.4,paleosols,1030
205.4,paleosols,1084.666667
205.4,paleosols,1171
205.4,paleosols,1191.333333
205.4,paleosols,1202
205.4,paleosols,1213.5
205.4,paleosols,1267
205.4,paleosols,1556.666667
205.4,paleosols,1618.5
205.4,paleosols,1702
205.4,paleosols,1776.666667
205.4,paleosols,1782.666667
205.4,paleosols,1966.666667
205.55,liverworts,387.8278
205.91,paleosols,2157.866667
205.93,paleosols,2103.866667
207.22,paleosols,1962.8
207.31,paleosols,2275.6
207.4,paleosols,1978
207.49,paleosols,2723.733333
207.81,paleosols,2505.333333
207.94,paleosols,2508.4
208.006,paleosols,964
208.05,paleosols,2953.133333
208.211,paleosols,1179
208.3,paleosols,2953.133333
208.37,paleosols,2831.733333
208.417,paleosols,904
208.623,paleosols,1869
208.966,paleosols,1063
209.16,paleosols,3191.066667
209.172,paleosols,1406
209.309,paleosols,1025
209.515,paleosols,1220
209.583,paleosols,529
209.652,paleosols,665
209.857,paleosols,777
209.926,paleosols,1080
210.01,paleosols,2756
210.081,paleosols,420
210.31,paleosols,2295.533333
210.39,paleosols,219
210.7,paleosols,12.5
210.7,paleosols,45
210.7,paleosols,111
210.7,paleosols,268.5
210.7,paleosols,344
210.7,paleosols,371.5
210.7,paleosols,377
210.7,paleosols,559.5
210.75,paleosols,2605.6
211.061,paleosols,726
211.164,paleosols,616
211.216,paleosols,182
211.319,paleosols,128
211.422,paleosols,749
211.525,paleosols,643
211.56,paleosols,1623.4
211.57,paleosols,2236.6
211.68,paleosols,683
211.75,paleosols,544
211.75,paleosols,643.3333333
211.75,paleosols,1191.333333
211.75,paleosols,1295.333333
211.75,paleosols,1348.666667
211.75,paleosols,1367.333333
211.75,paleosols,1442.666667
211.75,paleosols,1516
211.75,paleosols,1596
211.75,paleosols,1666.666667
211.75,paleosols,1678
211.75,paleosols,1702
211.89,paleosols,1942.266667
211.9,paleosols,666.6666667
211.9,paleosols,748.82
211.9,paleosols,786.36
211.9,paleosols,1135.333333
211.9,paleosols,1183.333333
211.9,paleosols,1264
211.9,paleosols,1376
211.9,paleosols,1478.666667
211.989,paleosols,10
212.144,paleosols,708
212.247,paleosols,713
212.35,paleosols,522
212.505,paleosols,1463
212.557,paleosols,738
212.711,paleosols,170
212.969,paleosols,523
213.08,paleosols,2635.6
213.124,paleosols,501
213.175,paleosols,546
213.326,paleosols,500
213.478,paleosols,443
214.727,paleosols,355
214.95,paleosols,3194.333333
215,paleosols,3087.8
215.06,paleosols,3123.2
215.19,paleosols,3722.4
215.26,paleosols,3395.733333
215.44,paleosols,3218.066667
215.58,paleosols,3113.6
215.6,paleosols,3132.333333
215.7,paleosols,3240.6
215.98,paleosols,2470.2
216.19,paleosols,2767
218.17,paleosols,3183.266667
218.76,paleosols,2798.666667
218.95,paleosols,695
218.95,paleosols,880
219.15,stomata,889
220.123,paleosols,215
221.943,paleosols,6
221.97,paleosols,2732.066667
222.27,paleosols,2324.933333
222.35,paleosols,3022.666667
223.17,paleosols,2627.333333
223.25,paleosols,660
223.25,paleosols,732
223.25,paleosols,800
223.25,paleosols,900
223.25,paleosols,1140
224.33,paleosols,3042.066667
225.79,paleosols,2547.466667
226,phytoplankton,1038.8
226,phytoplankton,1020.6
226,phytoplankton,1590.4
226.17,paleosols,3302.4
226.5,stomata,615
226.58,paleosols,3182.6
227.09,paleosols,3568.133333
229.25,paleosols,3319.733333
229.72,paleosols,2445.6
230.5,stomata,812.6865672
231.02,paleosols,2516.4
231.42,paleosols,3230.866667
232.03,paleosols,2142.8
232.19,paleosols,2884.2
232.7,paleosols,116
232.7,paleosols,585
233.75,stomata,789.1304348
233.75,stomata,825
237,phytoplankton,741.4
242,phytoplankton,683.3
242.05,paleosols,244
242.05,paleosols,284
242.05,paleosols,605
246,phytoplankton,1185.9
246.05,paleosols,300
246.05,paleosols,580
247,phytoplankton,1055.7
247,phytoplankton,1619.8
248,phytoplankton,423.2
253,phytoplankton,872.6
253,phytoplankton,1085.2
253.2,paleosols,883
253.2,paleosols,1100
253.2,paleosols,1325
256,phytoplankton,694.9
259.4,paleosols,400
262,phytoplankton,573.9
262,phytoplankton,462.5
270.55,stomata,266
270.55,stomata,290
270.55,stomata,326
270.55,stomata,342
270.55,stomata,343
273.65,paleosols,133.3333333
277.15,stomata,498
277.62,paleosols,1236.583636
279.35,paleosols,357.5
280.65,paleosols,133.3333333
281.14883,paleosols,1248.354545
282.37613,paleosols,899.4
283.35797,paleosols,1099.8
283.84889,paleosols,1011.801818
284.46254,paleosols,823.9990909
284.83073,paleosols,792.09
284.95346,paleosols,792.09
285.6,paleosols,70
285.6,stomata,354
285.81257,paleosols,774.4336364
286.91714,paleosols,1448.933333
287.03987,paleosols,1030
287.40806,paleosols,396.6135714
288.88082,paleosols,183.0872727
289.37174,paleosols,182.2009091
289.86266,paleosols,620
290.20724,paleosols,410.7528571
290.419,paleosols,419.3333333
290.419,paleosols,1700
290.47194,paleosols,461.4285714
296,paleosols,242
296,paleosols,349
296.7,paleosols,404
296.8,paleosols,47
297.4,paleosols,14
298,paleosols,10
298,paleosols,194
298.2,paleosols,158
298.5,paleosols,83
298.6,paleosols,169
299,paleosols,4
299.3,paleosols,380
299.5,paleosols,193
299.5,paleosols,258
299.5,paleosols,290
299.7,paleosols,128
299.9,paleosols,247
300.17588,paleosols,331
300.4,paleosols,550
300.4,paleosols,675
300.6,paleosols,461
301,paleosols,468
301.8,paleosols,199
302.2,paleosols,284
302.3,paleosols,483
302.6,paleosols,363
302.95,paleosols,250
302.95,paleosols,588
302.95,paleosols,608
303,paleosols,505
303.4,paleosols,440
303.4,paleosols,528
303.4,paleosols,550
303.4,paleosols,558
303.4,paleosols,607
303.4,paleosols,684
303.4,paleosols,769
303.4,paleosols,905
303.5,stomata,421
303.5,stomata,458
303.5,stomata,462
303.5,stomata,495
303.8,paleosols,279
304,stomata,322
304,paleosols,358
304,stomata,393
304.2,paleosols,289
304.2,paleosols,398
304.3,paleosols,360
304.3,stomata,472
304.3,stomata,475
304.5,paleosols,178
304.6,paleosols,303
304.7,paleosols,395
304.9,paleosols,150
305,paleosols,139
305,paleosols,281
305.1,paleosols,436
305.5,paleosols,212
305.5,paleosols,275
305.5,stomata,354
305.5,stomata,368
305.5,stomata,446
305.5,paleosols,454
305.5,paleosols,476
305.5,stomata,507
305.6,paleosols,288
305.7,paleosols,171
305.8,paleosols,162
305.8,paleosols,464
305.9,stomata,477
305.9,stomata,582
306.3,paleosols,274
306.5,paleosols,315
306.6,paleosols,336
306.7,paleosols,282
306.7,stomata,477
306.7,paleosols,519
306.7,paleosols,549
306.7,stomata,551
306.7,paleosols,640
306.7,paleosols,643
306.8,stomata,358
306.8,stomata,397
306.8,stomata,409
306.8,stomata,429
306.8,stomata,431
306.8,stomata,458
306.8,stomata,473
306.8,stomata,480
306.8,stomata,492
306.8,stomata,509
307.1,paleosols,321
307.1,paleosols,325
307.4,paleosols,662
307.5,stomata,388
307.5,stomata,485
307.5,stomata,487
307.5,stomata,494
307.5,stomata,522
307.5,stomata,527
307.5,stomata,536
307.5,stomata,548
307.5,stomata,567
307.9,paleosols,299
307.9,paleosols,314
308.2,paleosols,338
308.3,stomata,611
308.3,paleosols,644
308.3,stomata,691
309.1,stomata,484
309.1,stomata,493
311.05,stomata,340
311.4,stomata,494
311.4,stomata,567
311.5,stomata,469
311.5,stomata,475
311.5,stomata,507
311.5,stomata,558
312.2,stomata,604
312.2,stomata,650
313.5,stomata,284
313.5,stomata,287
313.5,stomata,303
313.5,stomata,308
313.5,stomata,311
313.5,stomata,325
313.5,stomata,336
313.5,stomata,348
313.5,stomata,350
313.5,stomata,350
313.5,stomata,351
313.5,stomata,358
313.5,stomata,366
313.5,stomata,367
313.5,stomata,368
313.5,stomata,401
316.5,stomata,388
316.6,stomata,261
317.5,stomata,332
324,stomata,359
324,stomata,385
324,stomata,392
327.05,paleosols,210
327.05,paleosols,290
332.6,paleosols,320
338.8,paleosols,190
343,phytoplankton,498.4
344.75,paleosols,824
344.85,paleosols,524
355,phytoplankton,271.5
355,phytoplankton,501.7
365.55,paleosols,395.2
365.55,paleosols,600
365.55,paleosols,1140
365.55,paleosols,1260
372,phytoplankton,937.3
372,phytoplankton,1116.5
377,phytoplankton,949
377,phytoplankton,1160.6
377,phytoplankton,905.6
377.45,paleosols,1120
378,phytoplankton,1306.6
378,phytoplankton,977.6
378,phytoplankton,878.2
379,phytoplankton,1032.5
379,phytoplankton,928.3
379,phytoplankton,936
379,phytoplankton,956.3
379,phytoplankton,948
379,phytoplankton,995.5
380,phytoplankton,835.8
383,phytoplankton,1237.5
383,phytoplankton,1267.5
383,phytoplankton,1083.6
383,phytoplankton,1020.3
383,phytoplankton,1367.1
385.2,paleosols,1560
388,paleosols,624
388,phytoplankton,721.6
400.45,stomata,2281.5
402.55,paleosols,1320
409.2,stomata,1548
409.2,stomata,2836
421.1,paleosols,1440
423.3,paleosols,1680
432,phytoplankton,509.4
438,phytoplankton,666.3
450,phytoplankton,678.9
450,phytoplankton,655.7
450,phytoplankton,655.7
450,phytoplankton,717.1
450,phytoplankton,568.2
450,phytoplankton,717.1
450,phytoplankton,691.2
450,phytoplankton,562.4
450,phytoplankton,600
450,phytoplankton,562.4
450,phytoplankton,537.2
452,phytoplankton,373
455,phytoplankton,373
455,phytoplankton,393
455,phytoplankton,373
455,phytoplankton,329.3
455,phytoplankton,358.3
455,phytoplankton,317.9
455,phytoplankton,361.9
455,phytoplankton,365.5
