Age,Plat,Plon
14.2,-42.76,-56.84
14.2,-34.92,134.27
14.2,-30.62,-63.81
14.2,-28.6,-64.78
14.2,-26.52,-67.8
14.2,-26.61,-64.2
14.2,-26.62,-63.69
14.2,-25.55,-66.74
14.2,-25.57,-65.72
14.2,-25.23,34.96
14.2,-25.03,-67.24
14.2,-20.82,-65.88
14.2,-19.49,-68.6
14.2,-18.46,-69.58
14.2,-18.65,-62.45
14.2,-4.28,-75.17
14.2,-2.79,38.69
14.2,-0.46,35.56
14.2,6.8,48.1
14.2,11.45,95.54
14.2,10.79,39.37
14.2,10.87,46.26
14.2,10.87,46.26
14.2,12.94,50.15
14.2,13.29,39.36
14.2,16.23,-70.33
14.2,16.52,53.49
14.2,16.96,51.03
14.2,19.72,-75.02
14.2,22.15,-104.71
14.2,19.94,49.99
14.2,25.32,54.16
14.2,21.8,62.95
14.2,24.12,30.8
14.2,23.88,46.99
14.2,25.58,30.13
14.2,24.77,31.56
14.2,31.22,-105.75
14.2,32.13,-104.64
14.2,32.13,-104.64
14.2,27.61,-8.34
14.2,27.61,-6.43
14.2,28.11,-6.43
14.2,33.54,-109.51
14.2,28.8,41.14
14.2,32.48,-111.22
14.2,32.43,-110.24
14.2,29.71,4.06
14.2,34.12,50.85
14.2,34.95,-108.33
14.2,30.31,66
14.2,35.77,-112.28
14.2,35.69,-111.28
14.2,35.65,-110.78
14.2,35.45,-108.27
14.2,30.78,37.3
14.2,34.1,46.33
14.2,35.09,51.89
14.2,36.15,-110.71
14.2,37.79,86.99
14.2,36.69,-111.15
14.2,36.52,-109.15
14.2,36.44,-108.15
14.2,36.44,-108.15
14.2,35.78,-100.18
14.2,31.79,39.01
14.2,35.24,48.2
14.2,38.8,100.76
14.2,39.03,99.49
14.2,36.94,-108.08
14.2,39.28,98.43
14.2,39.28,98.43
14.2,37.52,-109.02
14.2,36.86,-101.04
14.2,33.24,-4.16
14.2,32.79,39.19
14.2,38.95,86.25
14.2,39.77,100.16
14.2,39.77,100.16
14.2,33.55,21.96
14.2,35.82,27.46
14.2,40.01,87.17
14.2,40.85,101.62
14.2,36.75,26.4
14.2,41.68,98.41
14.2,36.93,24.44
14.2,37.01,25.64
14.2,37.37,26.63
14.2,36.17,-6.2
14.2,36.27,-3.35
14.2,37.87,28.23
14.2,37.87,28.23
14.2,41.6,80.8
14.2,42.44,94.16
14.2,40.67,-98.52
14.2,37.3,-2.46
14.2,38.87,28.13
14.2,41.53,65.5
14.2,37.92,-6.29
14.2,38.23,-4.41
14.2,43.1,73.43
14.2,43.31,76.48
14.2,39.4,0.26
14.2,40.39,20.23
14.2,44.79,83.5
14.2,44.86,84.53
14.2,39.29,16.2
14.2,45.63,-109.85
14.2,42.5,21.93
14.2,43.13,19.94
14.2,46.55,-96.58
14.2,43.59,4.67
14.2,44.58,23.13
14.2,45.16,15.89
14.2,45.43,20.63
14.2,45.59,4.5
14.2,46.37,19.56
14.2,46.78,8.62
14.2,47.15,15.66
14.2,50.04,58.15
14.2,51.2,74.25
14.2,61.75,81.3
14.2,61.75,81.3
28.5,-45.51,-52.38
28.5,-29.49,-63.18
28.5,-28.5,-62.12
28.5,-27.58,33.94
28.5,-31.93,149.28
28.5,-26.58,33.85
28.5,-7.34,-70.97
28.5,3.77,46.45
28.5,17.95,-71.82
28.5,28.95,103.14
28.5,23.11,-7.68
28.5,35.77,108.57
28.5,23.64,43.31
28.5,24.14,42.84
28.5,37.51,115.58
28.5,31.72,-100.42
28.5,37.31,107.55
28.5,37.91,109.09
28.5,26.11,-7.64
28.5,32.45,45.59
28.5,34.23,-103.99
28.5,36.23,52.72
28.5,40.61,112.04
28.5,41.01,110.37
28.5,36.61,59.48
28.5,41.64,112.47
28.5,40.83,97.25
28.5,40.96,96.37
28.5,41.04,96.14
28.5,33.4,28.04
28.5,36.08,46.46
28.5,41.81,100.54
28.5,42.64,112.36
28.5,40.68,82.59
28.5,35.28,36.47
28.5,44.13,112.18
28.5,34.93,23.03
28.5,37.05,37.37
28.5,41.46,75.61
28.5,43.8,100.25
28.5,44.66,112.67
28.5,39.39,-100.87
28.5,36.67,30.43
28.5,40.45,57.73
28.5,44.87,101.17
28.5,34.98,-4.11
28.5,43.16,72.65
28.5,46.76,106.35
28.5,41.05,-94.44
28.5,35.89,-6.01
28.5,37.38,-1.7
28.5,46.02,80.5
28.5,46.13,81.54
28.5,42.63,-91.06
28.5,38.56,0.94
28.5,42.06,32.5
28.5,39.49,-0.09
28.5,39.49,-0.09
28.5,40.36,-2.03
28.5,40.49,-0.21
28.5,40.62,1.61
28.5,42.61,1.35
28.5,42.68,2.25
28.5,43.67,2.11
28.5,47.58,6.94
41,37.78,107.33
41,43.05,109
41,46.21,110.76
41,46.75,111.24
41,40.75,55.4
44.5,-46.62,-60.09
44.5,-45.89,-48.57
44.5,-33.67,-58.16
44.5,-22.41,-63.96
44.5,-1.81,42.94
44.5,1.17,42.63
44.5,11.97,-75.99
44.5,28.24,103.88
44.5,16.92,-68.65
44.5,9.59,46.88
44.5,30.65,107.26
44.5,30.71,107.79
44.5,10.57,45
44.5,31.55,110.9
44.5,22,-68.6
44.5,11.32,59.01
44.5,16.35,11.4
44.5,14.58,41.33
44.5,18.11,24.21
44.5,18.6,26.47
44.5,37.65,106.67
44.5,20.34,-10.4
44.5,36.13,90.64
44.5,38.02,105.5
44.5,21.04,-6.68
44.5,39.69,106.85
44.5,40.14,111.21
44.5,21.4,6.92
44.5,36.08,52.02
44.5,39.94,104.59
44.5,28.86,-67.06
44.5,41.11,106.03
44.5,23.38,-4.23
44.5,23.54,2.51
44.5,41.86,103.66
44.5,24.52,3
44.5,22.78,34.24
44.5,35.16,48.66
44.5,45.54,109.64
44.5,45.28,98.41
44.5,30.27,-8.8
44.5,34.91,26.78
44.5,31.42,-4.42
44.5,31.46,-3.54
44.5,41.99,-92.02
44.5,32.35,-6.24
44.5,32.42,-4.48
44.5,36.55,-1.01
44.5,36.55,-1.01
44.5,46.81,67.25
44.5,37.55,-1.15
44.5,40.39,15.3
44.5,39.32,-4.02
44.5,39.73,0.72
44.5,40.77,0.99
45,14.07,-64.42
45,30.42,101.3
45,23.25,4.32
45,41.97,94.39
45,42.12,93.26
45,42.35,-97.94
48.5,17.22,-75.2
48.5,40.5,111.36
50,17.66,-74.6
50,33.5,105.18
50,34.69,94.5
50,34.76,94.91
50,34.91,94.55
50,41.92,69.52
52,-45.97,-50.06
52,-32.23,-59.58
52,-32.41,-57.43
52,-28.25,-59.13
52,-26.22,122.85
52,-9.21,36.96
52,-5.8,41.7
52,-2.81,41.42
52,-3.17,34.13
52,14.84,-77.29
52,16.54,-79.92
52,13.91,-75.04
52,18.23,-74.31
52,12.73,-63.96
52,27.46,102.34
52,4.57,44.78
52,5.57,45.7
52,6.08,46.62
52,30.02,105.55
52,30.1,106.07
52,6.57,42.93
52,29.56,99.74
52,31.09,109.1
52,9.99,18.07
52,7.61,40.2
52,8.11,40.21
52,11.01,24.49
52,33.46,104.78
52,24.54,-66.4
52,13.21,10.86
52,13.04,15.39
52,10.57,42.96
52,14.13,12.71
52,11.69,37.61
52,35.83,103.67
52,34.59,94.1
52,34.67,94.51
52,12.81,34.99
52,5.19,59.86
52,4.77,61.55
52,34.81,94.15
52,34.74,88.79
52,37.64,105.41
52,18.83,-6.67
52,39.59,111.6
52,6.91,63.38
52,39.02,104.5
52,39.68,108.78
52,18.4,7.59
52,39.17,102.25
52,40.41,110.28
52,7.72,63.4
52,7.88,63.61
52,7.88,63.61
52,19.82,2.4
52,19.66,4.16
52,19.52,5.91
52,21.57,-4.47
52,20.81,2.51
52,42.31,107.3
52,18.91,33.46
52,40.81,92.19
52,40.92,91.06
52,32.51,47.94
52,20.01,32.01
52,41.33,-91.75
52,44.22,95.72
52,32.11,26.75
52,37.04,53.97
52,28.9,-3.41
52,30.91,-4.68
52,35.12,-0.23
52,37.67,15.74
52,38.29,1.96
57,35.22,102.45
57,37.29,104.09
57,39.87,108.93
57,42.86,-91.87
57.5,14.85,13.41
57.5,32.12,48.49
61,-50.02,15.45
61,-31.42,-59.85
61,-26.34,-60.07
61,-11.72,37.1
61,-2.01,-3.21
61,0.04,-3.39
61,-0.35,44.13
61,25.22,92.84
61,25.71,92.72
61,25.81,93.22
61,26.1,92.1
61,28.83,90.36
61,29.21,89.73
61,11.6,8.91
61,11.51,9.8
61,11.22,13.39
61,7.72,40.64
61,33.75,105.65
61,12.59,9.01
61,35.73,102.42
61,38.08,108.9
61,18.82,-11.69
61,18.74,2.22
61,40.77,104.81
61,41.83,105.04
61,17.5,30.13
61,37.43,67.11
61,37.42,62.09
61,28.16,-3.99
61,30.12,-3
61,37.57,47.44
62.5,-31.26,-58.79
64,-41.58,-64.76
64,-42.88,-52.33
64,32.26,1
69,-42.57,-65.58
69,-1.76,-5.04
69,12.49,6.85
69,14.86,4.51
69,14.66,5.83
69,14.66,5.83
69,29.02,-6.43
69,29.81,-3.84
75,-42.41,21.59
75,-8.83,-2.99
75,10.05,14.28
75,19.24,-12.69
75,32.95,1.36
78,-42.42,-59.15
78,-43.4,19.45
78,14.34,4.9
78,14.97,6.85
79,12,26.91
79,13.13,34.67
79,30.71,-3.92
80,35.27,74.34
80,35.27,74.34
81,-45.49,19.29
83,-39.62,-52.11
83,-39.62,-52.11
83,-30.16,-47.67
83,-30.16,-47.67
83,-30.59,-42.44
83,-30.59,-42.44
83,-27.89,-50.55
83,-25.18,-47.12
83,-25.18,-47.12
83,-37.36,11.07
83,-37.36,11.07
83,-21.92,-49.89
83,-19.55,-53.77
83,-32.68,121.33
83,18.41,-64.58
83,18.41,-64.58
83,19.79,102.42
83,19.79,102.42
83,20.43,100.23
83,20.43,100.23
83,21.68,-65.19
83,21.68,-65.19
83,7.06,-5.03
83,7.06,-5.03
83,23.55,100.65
83,23.55,100.65
83,21.99,-50.56
83,28.49,112.19
83,28.49,112.19
83,26.69,98.75
83,28.58,109.54
83,28.58,109.54
83,31.2,106.87
83,31.53,108.91
83,31.77,110.44
83,6.31,38.13
83,6.31,38.13
83,34.16,114.72
83,34.16,114.72
83,32.1,97.63
83,32.1,97.63
83,32.17,98.03
83,32.17,98.03
83,15.11,3.81
83,33.74,106.82
83,33.74,106.82
83,33.99,108.35
83,33.99,108.35
83,32.31,97.68
83,32.31,97.68
83,32.5,98.16
83,32.5,98.16
83,32.55,98.46
83,32.55,98.46
83,32.68,98.01
83,32.68,98.01
83,32.86,98.49
83,32.86,98.49
83,34.4,107.72
83,32.91,98.16
83,32.91,98.16
83,32.94,98.36
83,32.94,98.36
83,33.14,98.32
83,33.16,98.42
83,19.92,-9.77
83,34.72,106.58
83,34.72,106.58
83,34.89,107.61
83,34.89,107.61
83,34.89,107.61
83,35.52,107.77
83,14.54,16.38
83,35.87,107.37
83,35.87,107.37
83,36.84,113.57
83,36.84,113.57
83,37.48,114.5
83,37.48,114.5
83,19.11,0.31
83,19.11,0.31
83,38.31,113.22
83,38.31,113.22
83,42.7,-78.38
83,38.19,71.29
83,38.19,71.29
83,38.19,71.29
83,35.72,71.27
83,35.72,71.27
83,28.66,19.08
83,28.66,19.08
83,35.39,63.49
83,35.39,63.49
83,37.17,67.91
83,23.15,14.16
83,40.1,67.07
83,40.1,67.07
83,47.09,100.84
83,47.09,100.84
85,-50.71,-53.84
85,15.89,-2.09
85,15.22,4.28
85,21.5,-6.87
86,6.6,41.43
86,6.6,41.43
86,19.16,-5.56
87,-18.76,-51.07
88,12.64,22.04
89,-1.71,3.53
89,-1.71,3.53
90,31.75,0.28
92,-39.85,-46.8
92,-24.9,-45.04
92,-10.65,-12.62
92,6.98,19.36
92,9.67,18.72
92,11.8,15.99
92,9.97,29.71
92,16.84,1.67
92,10.95,29.91
92,19.73,-4
92.5,4.06,2.65
95,4.2,3.11
95,21.57,9.72
95,39.93,72.95
97,-18.51,-44.81
97,-8.68,1.38
97,17.95,-71.92
97,21.37,-74.11
97,10.4,10.17
97,24.96,-47.92
97,9.71,24.87
97,9,30.6
97,17.13,10.47
97,21.8,11.31
101.5,-44.91,41.24
102.5,-25.24,-1.68
105.5,-23.71,-37.66
105.5,-17.71,-37.59
105.5,-10.92,-5.43
105.5,-19.61,37.28
105.5,-19.82,38.32
105.5,-19.82,38.32
105.5,-16.63,35.32
105.5,-2.55,6.91
105.5,19.57,112.37
105.5,20.56,112.21
105.5,20.56,112.21
105.5,23.2,-37.96
105.5,29.47,123.97
105.5,29.47,123.97
105.5,30.59,122.42
105.5,30.59,122.42
105.5,30.74,122.81
105.5,30.74,122.81
105.5,31.05,122.87
105.5,31.05,122.87
105.5,30.31,109.54
105.5,30.31,109.54
105.5,35.39,120.4
105.5,18.05,14.11
105.5,39.33,108.73
105.5,39.33,108.73
105.5,37.27,92.17
105.5,16.83,39.1
105.5,16.83,39.1
105.5,22.64,21.76
106.5,-31.32,-19.56
106.5,-20.47,-8.35
106.5,-26.28,-6.47
106.5,-24.08,-3.98
106.5,-6.45,-9.17
106.5,31.43,-62.55
106.5,-2.23,42.67
106.5,35.25,-51.62
106.5,8.07,33.17
110.5,-5.89,-8.11
110.5,26.86,-67.3
110.5,21.46,-49.25
110.5,23.27,-50.33
110.5,42.23,107.03
114.5,-32.19,-38.68
117,-28.76,-19.34
117,-23.1,-13.96
117,-21.31,-10.85
117,-16.46,-8.49
117,-14.53,-7.35
117,-11.54,-7.12
117,-8.69,-4.92
117,-8.69,-4.92
117,-11.85,-5.91
117,-7.67,-1.29
117,-7.67,-1.29
117,-5.45,5.59
117,36.56,-60.05
119.5,31.22,-32.31
122.5,-31.12,-40.6
122.5,-28.55,-34.57
122.5,-29.07,-27.82
122.5,-26.01,-16.7
122.5,-24.06,-34.16
122.5,-23.21,-38.95
122.5,-64.95,122.41
122.5,-22.2,-14.31
122.5,-19.22,-38.63
122.5,-20.66,-9.18
122.5,-29.87,-14.51
122.5,-16.14,-14.69
122.5,-24.22,-12.6
122.5,-3.29,-12.49
122.5,-15.93,-6.6
122.5,-2.38,-11.41
122.5,-0.21,-13.22
122.5,-11.52,-5.81
122.5,3.68,-44.02
122.5,-18.15,5.81
122.5,5.96,-26.76
122.5,-8.87,-2.6
122.5,-26.06,28.23
122.5,-23.41,27.14
122.5,-24.23,29.13
122.5,13.54,-27.46
122.5,-47.08,28.55
122.5,18.86,-47.58
122.5,20.05,-49.86
122.5,3.47,4
122.5,17.71,115.64
122.5,19.04,112.24
122.5,27.19,-52.81
122.5,7.91,-49.86
122.5,24.43,120.73
122.5,24.53,121.23
122.5,27.86,-51.48
122.5,25.33,122.59
122.5,8.11,9.6
122.5,23.98,-31.49
122.5,30.61,-52.65
122.5,28.68,126.45
122.5,32.79,-54.03
122.5,27.03,-34.55
122.5,31.52,127.8
122.5,33.55,-49.26
122.5,32.29,126.53
122.5,32.78,126.39
122.5,33.63,-45.91
122.5,33.47,127.26
122.5,29.9,-31.83
122.5,33.13,-40.65
122.5,34.24,125.96
122.5,32.91,-36.42
122.5,35.61,127.69
122.5,36.19,128.49
122.5,14.9,14.15
122.5,28.34,72.99
122.5,2.87,32.49
122.5,40.7,137.02
122.5,27.02,63.47
122.5,28.84,68.65
122.5,42.92,130.73
122.5,42.04,113.75
122.5,29.62,12.1
122.5,36.14,80.83
122.5,31.11,12.11
122.5,27.87,15.5
122.5,33.09,56.04
122.5,41.29,100.59
122.5,48.25,134.28
122.5,48.35,134.81
122.5,35.61,41.03
122.5,36.99,25.17
122.5,48.16,-19.43
122.5,39.99,25.15
127.5,-44.08,-43.49
129,-25.07,-38.99
129,-17.32,-6.86
136.5,-34.45,-39.99
136.5,-10.77,-40.81
136.5,-10.77,-40.81
142,22.72,1.32
148.5,-17.7,27.5
148.5,-6.62,37.79
148.5,29.57,9
148.5,38.16,22.72
151,-13.36,40.18
151,-8.63,39.21
151,3.26,23.78
151,31.39,10.56
154.5,-36.58,-34.18
154.5,-48.9,-17.19
154.5,-33.02,-26.43
154.5,-28.87,-37.55
154.5,-26.67,-37.62
154.5,-32.42,-15.39
154.5,-19.75,-15.15
154.5,-17.16,-40.3
154.5,-14.87,-8
154.5,-13.88,-6.98
154.5,-11.19,-39.11
154.5,-35.64,16.82
154.5,-27.58,31.3
154.5,-1.48,-45.84
154.5,-19.86,4.68
154.5,-29.01,25.45
154.5,1.54,-28.75
154.5,-25.86,25.65
154.5,-23.99,26.46
154.5,-19.62,27.71
154.5,-15.71,26.62
154.5,-16.57,26.47
154.5,-17.46,29.39
154.5,8.48,-44.3
154.5,14.51,-41.92
154.5,3.05,0.51
154.5,-11.53,34.52
154.5,-29.2,37.39
154.5,17.75,-47.37
154.5,19.25,-47.88
154.5,5.84,9.43
154.5,28.61,121
154.5,14.33,-27.24
154.5,-33.93,45.94
154.5,19.98,-39.85
154.5,-4.05,35.1
154.5,34.06,121.6
154.5,21.3,-33.8
154.5,24.6,-41.4
154.5,23.01,-36.12
154.5,15.98,8.25
154.5,25.22,-38.24
154.5,21.57,1.62
154.5,14.34,12.91
154.5,31.76,-50.46
154.5,33.97,70.73
154.5,33.62,-49.59
154.5,32.75,-46.96
154.5,31.95,92.39
154.5,35.53,65.77
154.5,39.21,76.55
154.5,39.65,108.04
154.5,41.44,110.39
154.5,41.72,111.34
154.5,33.92,54.49
154.5,40.11,72.76
154.5,42.08,108.94
154.5,43.68,112.48
154.5,35.64,-42.61
154.5,33.76,-36.7
154.5,32.25,-28.02
154.5,26.4,11.5
154.5,35.78,53.59
154.5,32.46,39.21
154.5,35.05,44.48
154.5,48.33,115.32
154.5,28.62,14.07
154.5,31.68,17.47
154.5,35.6,35.3
154.5,35.82,36.09
154.5,37.29,33.75
154.5,33.57,9.28
154.5,33.66,10.03
154.5,35.25,14.3
154.5,37.24,19.95
154.5,37.39,20.68
154.5,39.37,29.54
154.5,38.08,18.93
158,-40.1,-36.73
158,19.74,-34.46
159,35.68,67.53
159.5,17.33,-40.14
159.5,22.76,-37.92
160.5,-26.89,-36.69
160.5,17.58,-46.6
160.5,34.18,-45.6
161.5,18.41,-33.98
165,27,-48.01
165,35.8,52.85
165,32.23,8.46
166,19,0.69
167,-40.23,-37
167,27.08,18.77
167,33.75,10.1
168,33.57,-45.04
169,-28.03,-37.24
169,-16.08,-39.9
169,-14.02,-45.95
169,-14.02,-45.95
169,-11,-46.92
169,-7.41,-13.69
169,-29.55,21.64
169,-0.1,-29.79
169,8.26,-25.1
169,13.02,-43.29
169,17.42,-34.04
169,35.74,107.98
169,15.58,6.6
169,36.21,100.34
169,7.52,69.72
169,27.7,-51.08
169,27.53,-47.33
169,22.45,-13.34
169,22.64,-13.97
169,30.76,-44.11
169,37.38,-44.62
169,37.98,-39.83
172,-31.73,22.1
173,-25.21,27.79
173,-9.88,-68.41
173,-19.24,36.83
173,5.39,-54.6
173,10.96,-36.51
173,10.96,-36.51
173,7.2,-50.37
173,7.2,-50.37
173,7.81,-29.13
173,9.85,-45.57
173,9.85,-45.57
173,7.09,8.08
173,-7.72,36.48
173,11.25,-30.8
173,15.54,-43.8
173,15.54,-43.8
173,17.38,-48.96
173,1.5,26
173,14.2,-30.25
173,14.2,-30.25
173,14.2,-30.25
173,-0.71,32.68
173,19.07,-47.52
173,15.5,-31.81
173,16.48,-31.61
173,0.42,35.06
173,20.33,-44.35
173,18.88,-38.31
173,18.88,-38.31
173,21.62,-41.23
173,24.11,-46.9
173,26.8,-53.03
173,25.76,-49.12
173,26.01,54.11
173,26.85,-52.01
173,27.28,-52.86
173,26.84,-51.07
173,27.75,-52.68
173,24.73,-41.24
173,27.48,-50.37
173,28.7,-52.33
173,25.9,-41.78
173,27.27,-34.35
173,37.19,-48.77
178.5,8.43,25.75
178.5,24.09,-6.58
182.5,-14.85,-43.84
182.5,-27.9,20.23
182.5,-16.7,31.41
182.5,23.84,118.32
182.5,10.9,21.99
182.5,20.12,5.31
182.5,17.99,10.21
182.5,43.59,102.8
182.5,27.3,-59.38
182.5,48.62,103.6
182.5,62.13,92.23
183.5,17.12,9.96
184.5,34,11.12
187,11.65,27.71
187.5,-40.88,-28.53
187.5,-28.36,-32.82
187.5,-11.88,-40.12
187.5,-26.19,19.9
187.5,-9.47,24.48
187.5,13.62,-22.9
187.5,15.6,-14.69
187.5,0.78,36.71
187.5,0.22,38.42
187.5,11.56,-41.04
187.5,11,-38.46
187.5,14.45,-35.6
187.5,26.52,-9.34
187.5,12.62,28.41
187.5,15.74,-24.28
187.5,22.21,3.76
187.5,27.96,-7.52
187.5,26.53,-4.15
187.5,31.3,-1.74
187.5,24.91,-46.11
187.5,27,-21.01
187.5,34.57,12.1
187.5,30.45,-3.55
194.5,31.42,4.66
195,27.13,10.43
195,33.72,-0.1
200,-38.3,-5.6
200,17.58,3.46
200,30.27,-5.29
200,32.91,6.66
200,36.85,1
205,-45.24,-24.82
205,-36.17,-32.88
205,-28.88,-31.99
205,-25.12,-39.43
205,-16.65,33.02
205,-17.25,32.2
205,-10.27,-42.88
205,2.38,-38.49
205,10.21,-21.8
205,14.66,-4.28
205,18.84,-13.33
205,13.56,2.88
205,13,4.96
205,9.41,25.74
205,46.79,99.37
205,6.51,-25.02
205,20.24,-11.3
205,19.85,-7.14
205,19.28,-5.47
205,15.86,5.91
205,20.02,3.98
205,15.3,13.2
205,23.74,-0.5
205,25.34,2.3
205,15.77,-23.94
205,21.3,9.36
205,28.72,0.46
205,27.8,3.61
205,24.15,7.52
205,22.6,11.13
205,39.83,23.37
205,24.44,8.12
205,20.72,-14.75
205,31.4,9.91
205,31.86,10.56
205,21.15,-17.24
205,30.85,7.23
205,42.26,22.84
205,26.88,10.15
205,26.82,11.57
205,28.56,-2.15
205,25.6,-54.13
205,33.09,-0.86
205,33.87,-1.6
205,33.87,-1.6
205,34.65,-1.4
205,27.55,-55.19
205,31.53,-10.19
205,29.94,-55.16
205,34.96,-6.2
205,24.59,-75.3
205,25.41,-78.01
205,25.44,-77.49
209.5,18.55,-13.88
214.5,-25.83,-44.39
214.5,3.3,23.14
218.5,-44.96,-29.09
218.5,51.23,67.55
218.5,12.67,-53.01
218.5,29.31,13.95
218.5,33.78,-1.73
223,19.57,97.08
223,-2.46,29.47
223,0.96,36.29
223,4.69,-20.6
223,16.84,-48.77
223,43.66,-2.16
224,-0.34,31.36
224,17.32,3.25
225,30.03,16.59
226.5,-42.81,-35.69
226.5,-19.56,-11.67
226.5,-1.95,-18.85
226.5,-3.66,-33.88
226.5,-3.66,-33.88
226.5,-8.76,1.72
226.5,9.66,101.48
226.5,-10.82,41.44
226.5,-10.82,41.44
226.5,-10.82,41.44
226.5,-10.06,43.34
226.5,4.7,-50.29
226.5,3.09,10.12
226.5,1.87,-40.38
226.5,-1.67,32.01
226.5,-1.67,32.01
226.5,1.31,-20.44
226.5,7.91,-49.32
226.5,-1.09,37.99
226.5,-1.09,37.99
226.5,-1.09,37.99
226.5,16.22,14.31
226.5,10.68,-43.55
226.5,14.08,6.5
226.5,14.97,-48.09
226.5,14.97,-48.09
226.5,12.35,-40.58
226.5,12.67,-38.15
226.5,16.13,12.5
226.5,15.9,10.05
226.5,14.53,12.05
226.5,20.56,13.87
226.5,20.95,14.47
226.5,14.02,15.58
226.5,14.02,15.58
226.5,26.21,18.34
226.5,26.21,18.34
226.5,26.21,18.34
226.5,27.06,19.45
226.5,27.06,19.45
226.5,22.28,10.88
226.5,21.93,-43.79
226.5,19.81,4.51
226.5,20.43,5.68
226.5,20.43,5.68
226.5,28.98,18.48
226.5,28.98,18.48
226.5,21.92,6.28
226.5,24.06,-44.31
226.5,22.47,5.16
226.5,22.55,-0.98
226.5,27.2,7.09
226.5,27.63,-0.36
228,21.09,3.25
230.5,21.2,7.41
230.5,24.12,12.35
230.5,23.61,9.58
230.5,23.61,9.58
230.5,23.61,9.58
230.5,25.59,8.89
230.5,25.59,8.89
230.5,27.36,9.75
230.5,27.36,9.75
232.5,15.97,122.56
232.5,-5.96,32.23
232.5,4.37,20.37
232.5,17.43,28.94
232.5,28.39,13.16
232.5,30.88,-38.44
232.5,33.54,5.67
232.5,33.89,4.85
234.5,26.82,8.38
234.5,26.82,8.38
234.5,30.06,6.79
234.5,30.49,6.48
237.5,15.66,32.38
237.5,15.86,31.75
237.5,19.5,19.15
237.5,19.5,19.15
239,-8.52,33.92
239,23.22,95.36
239,-9.2,34.32
239,32.32,-34.46
242,-3.49,13.31
242,-16.98,47.43
242,13.5,130.1
242,-8.13,38.33
242,3.21,17.78
242,-7.31,42.08
242,14.41,34.34
242,12.34,21.5
242,3.37,21
242,11.27,13.57
242,5.75,22.22
242,12.49,19.72
242,12.49,19.72
242,13.69,22.41
242,12.07,15.96
242,18.18,20.12
242,18.79,19.04
242,21.15,19.29
242,19.75,13.54
242,20.03,11.38
242,21.37,14.86
242,23.43,14.52
242,33.17,11.89
242,34.13,11.56
244,7.62,129.63
244,8.84,134.89
244,10.05,131.36
244,10.05,131.36
244,10.25,132.23
244,10.64,131.68
244,10.64,129.41
244,12.02,133.15
244,12.4,132.6
244,12.72,133.88
244,12.72,133.88
244,15.74,144.48
244,15.68,142.63
244,16.21,144.32
244,16.42,143.31
244,14.28,133.92
244,14.76,133.78
244,15.46,134.49
244,20.07,29.27
244,18.3,10.04
244,18.3,10.04
244.5,15.29,-31.04
244.5,15.29,-31.04
244.5,5.48,22.79
244.5,12.13,20.9
244.5,17.11,-30.17
244.5,17.11,-30.17
244.5,20.44,-27.71
244.5,20.44,-27.71
244.5,32.67,13.92
244.5,35.2,13.22
244.5,35.2,13.22
248.5,4.56,134.71
248.5,5.55,135.43
248.5,9.33,133.97
249.5,-31.69,-32.65
249.5,-26.92,49.77
249.5,12.98,-42.37
249.5,7.25,130.99
249.5,13.24,-41.98
249.5,16.06,-41.09
249.5,16.51,-39.84
249.5,17.37,-39.3
249.5,19.25,-34.08
249.5,26.8,27.57
256,-40.43,-38.17
256,-59.39,120.48
256,-23.92,-41.29
256,-19.23,-11.15
256,-11.83,11.06
256,-20.17,49.02
256,-1.67,62.58
256,8.5,-28.77
256,24.96,94.57
256,32.93,87.49
256,33.77,87.54
256,22.46,106.85
256,22.11,108.99
256,18.23,35.16
256,16.99,25.97
256,20,15.4
256,26.35,27.07
256,32.12,15.77
256,32.97,14.8
262,-56.82,-28.01
262,-58.83,-16.28
262,-32.42,-35.76
262,-48.39,27.24
262,-50.65,15.04
262,-14.98,-35.3
262,-31.11,49.72
262,-30.54,49.29
262,-25.57,39.36
262,-26.43,46.52
262,-26.29,47.08
262,-5.07,-37.91
262,12.54,-43.93
262,6.4,-36.35
262,9.37,-37.65
262,-8.2,51.34
262,23.16,89.54
262,12.96,109.83
262,-2.13,47.8
262,24.92,93.84
262,9.07,10.72
262,15.24,-31.57
262,20.28,-38.66
262,15.41,-29.71
262,14.62,35.02
262,15.77,37
262,18.44,-33.24
262,9.49,14.99
262,2.72,22.61
262,19.3,-32.7
262,7.68,20.34
262,7.24,22.46
262,16.57,27.98
262,14.31,21.69
262,21.36,-27.99
262,15.16,22.46
262,30.48,46.86
262,19.28,28.83
262,25.5,37
262,21.89,27.24
262,16.65,10.8
262,17.81,15.04
262,19.17,18.91
262,19.51,19.79
262,17.92,11.74
262,19.15,15.88
262,19.76,17.64
262,20.28,16.1
262,20.28,16.1
262,21.62,16.85
262,21.69,15.54
262,19.38,8.73
262,23.41,18.63
262,22.23,12.26
262,23.76,13.79
262,23.3,10.49
262,24.46,10.91
262,26.66,12.89
262,40.01,29.24
262,41.26,12.62
262,43.06,7.84
262,43.53,8.79
266,-30.18,-8.2
266,-33.1,45.95
266,-24.27,42.99
266,13.56,-45.09
266,13.08,-44.39
266,9.03,-38.01
266,10.31,-38.2
266,13.3,-39.2
266,9.22,-32.21
266,26.69,46.19
266,32.45,12.81
275.5,-25.16,-19.28
275.5,11.87,-46.65
275.5,3.91,-34.45
275.5,10.94,-41.66
275.5,14.78,-44.61
275.5,7.25,-31.31
275.5,38.54,75.24
275.5,12.79,-34.09
275.5,13.59,-33.48
275.5,20.99,-38.11
275.5,18.37,-29.69
275.5,9.1,20.32
275.5,14.97,9.97
281,-35.84,-14.77
281,-21.05,123.94
281,30.31,58.94
281,30.66,52.27
281,35.64,26.57
284.5,15.7,32.68
284.5,23.96,36.37
284.5,31.91,-3.8
285.5,-61.36,120.02
285.5,-20.33,-38.9
285.5,32.59,60.02
285.5,35.19,61.25
285.5,38.1,76.81
285.5,18.8,36.18
285.5,13.85,27.1
285.5,8.35,15.4
285.5,8.63,6.86
285.5,28.58,20.68
285.5,35.77,-3.48
287.5,-27.49,-57.81
287.5,17.22,-47.59
289,20.25,35.89
289,33.09,-0.07
293,-45.84,98.53
293,27.94,2.13
294.5,-20.65,-49.37
294.5,-6,-54.71
294.5,-3.99,2.34
297.5,-19.74,-10.17
297.5,27.28,0.31
297.5,39.24,2.66
301.5,3.56,-48.77
303,-43.7,-78.39
303,-23.09,-55.65
303,-21.98,-13.11
303,-10.46,-17.45
303,3.89,-59.93
303,1.63,-57.44
303,7.9,-58.34
303,31.49,6.69
303,25.17,-3.27
303,29.7,-10.44
307,-33.32,-42.84
307,-33.32,-42.84
307,8.72,-55.38
307,6.63,-53.24
307,6.63,-53.24
307,10.26,-49.76
307,23.97,-9.31
307,24.79,-10.34
311,-47.5,94.89
311,-45.15,98.59
311,-31.58,-78.26
311,-24.78,-67.47
311,-22.14,113.19
311,-27.48,-14.96
311,-26.33,-16.54
311,-27.8,-12.44
311,4.03,-66.99
311,23.95,54
311,23.95,54
311,3.05,-60.29
311,3.08,92.67
311,22.15,56.08
311,2.13,-57.35
311,32.41,53.35
311,32.41,53.35
311,5.87,-56.08
311,36.47,58.57
311,36.47,58.57
311,33.23,59.26
311,33.23,59.26
311,-3.32,-41.89
311,21.11,27.05
311,7.28,-50.46
311,15.75,20.84
311,10.83,7.72
311,10.83,7.72
311,19.78,-47.81
311,6.52,-7.05
311,21.66,-22.69
311,23.88,-13.96
315,14.38,-8.46
319,-39.07,-75.21
319,-32.9,-70.71
319,-40.17,-11.03
319,-41.15,-9.01
319,-36.9,-12.7
319,-56.94,71.07
319,4.94,104.17
319,20.93,51.88
319,23.83,52.3
319,26.82,43.28
319,27,43
319,25.71,40.93
319,15.67,58.75
319,26.49,41.1
319,29.37,43.65
319,30.09,44.56
319,28.27,40.85
319,30.11,42.88
319,34.43,46.48
319,-21.15,-9.54
319,-18.71,-11.94
319,23.07,33.52
319,19.19,32.63
319,13.47,29.06
319,15.43,24.26
319,11.28,15.92
319,15.5,2.16
319,13.12,-0.08
319,10.29,-10.04
319,9.9,-22.69
319,13.4,-12.62
319,16.39,-21.77
327,-44.64,-3.79
327,-36.24,-19.63
327,-30.46,-16.78
327,-23.37,-54.85
327,-6.92,-58.18
327,20.2,-46.17
327,19.53,-46.36
327,15.24,-39.01
327,14.59,-35.61
327,15.28,-20.91
327,14.99,-32.79
327,14.35,-31.85
335,-46.59,-5.92
335,33.45,18.86
335,33.45,18.86
335,-2.94,-72.97
335,-10.5,-65.71
335,6.76,-67.11
335,4.68,-32.08
335,8.01,-29.32
339,-39.36,92.89
339,-52.97,-22.2
339,-42.66,-32.44
339,-42.66,-32.44
339,1.12,89.22
339,-47.6,-9.4
339,4.35,85.73
339,6.28,88.32
339,4.94,86.1
339,5.13,86.4
339,4.88,85.82
339,6.3,87.98
339,5.43,86.31
339,5.71,86.55
339,5.58,85.79
339,-36.27,-30.41
339,-43.22,-14.38
339,-44.26,14.33
339,-34.89,-26.49
339,-34.55,-24.95
339,13.72,87.94
339,14.91,88.21
339,-29.26,-72.99
339,27.95,31.15
339,-27.06,-74.59
339,-28.42,-72.37
339,-23.31,-78.01
339,-27.58,-71.75
339,29.06,34.28
339,28.91,34.49
339,30.77,26
339,33.7,26.2
339,33.87,26.16
339,-21.67,-73.34
339,-27.12,-50.88
339,-27.34,-41.35
339,-8.62,-81.07
339,-24.81,-52.81
339,-24.47,-46.04
339,-23.48,-45.3
339,-5.15,-77.19
339,27.28,-3
339,-19.84,-38.24
339,-18.14,-34.17
339,-9.51,-24.9
339,-14.39,-33.57
339,11.06,-27.51
339,14.21,-63.64
341,-10.5,69.79
341,-32.11,-69.9
341,14.81,11.53
341,3,-14.61
341,3,-14.61
341,26.3,-4.82
341,8.1,-31.97
345,-32.53,97.07
345,-10.46,68.34
345,-10.46,68.34
345,-21.76,-95.3
345,25.41,39.53
345,25.8,39.87
345,30.88,32.06
345,31.55,32.57
345,27.36,23.07
345,35.54,25.38
345,35.54,25.38
345,29.33,22.15
345,33.11,23.02
345,-26.68,-76.17
345,-14.35,-20.59
345,-14.38,-21.22
345,12.6,8.02
345,-6.99,-87.44
345,-14.91,-80.49
345,-20.61,-37.77
345,-22.52,-43.53
345,-14.47,-34.75
345,-18.89,-45.32
345,2.39,-81.08
345,20.03,-30.92
353,-7.01,70.2
353,-53.99,1.77
353,-2.22,92.55
353,-47.28,9.37
353,-41.54,88.6
353,-41.15,87.9
353,-41.1,88.18
353,-40.57,88.3
353,27.43,42.57
353,28.92,39.67
353,28.27,41.88
353,-1.05,44.71
353,27.86,42.86
353,25.92,27.48
353,32.12,34.31
353,31.48,28.78
353,28.68,44.17
353,33.17,34.72
353,27.78,25.8
353,31.82,26.46
353,31.82,26.46
353,32.85,26.75
353,29.34,25.6
353,28.79,24.95
353,32.45,26.03
353,36.15,26.94
353,32,25.54
353,31.95,25.41
353,29.65,24.62
353,-18.1,-95.78
353,-20.08,-93.79
353,-23.98,-57.37
365.5,-6.63,105.97
365.5,-35.44,91.62
365.5,23.92,-7.36
365.5,33.26,-23.3
365.5,36.56,-33.98
365.5,32.83,-30.59
365.5,33.3,-44.67
365.5,23.81,-21.24
365.5,19.3,-19.29
365.5,18.71,-22.58
365.5,23.37,-28.91
365.5,22.06,-28.75
365.5,12.04,-77.89
371,-19.84,171.18
371,-21.47,164.52
371,-30.87,145.21
371,-18.58,149.7
371,-13.49,152.27
371,-46.39,24
371,-39.03,100.85
371,-46.12,68.76
371,20.49,37.64
371,21.15,37.47
371,-33.23,-111.25
371,-20.91,-123.29
371,-19.44,-49.89
371,-20.17,-120.93
371,-20.59,-117.63
371,-25.11,-113.32
371,-5.05,-49.23
371,8.98,-3.18
371,-16.72,-129.94
371,-23.68,-111.79
371,-26.31,-64.56
371,-14.72,-56.79
371,-28.64,-96.52
371,-15.74,-63.38
371,-24.02,-73.86
371,2.2,-58.35
371,-21.12,-96.58
371,-5.1,-111
371,-5.1,-111
371,4.63,-68.32
377.5,-25.14,-135.37
377.5,-25.38,-71.08
385.5,-47.76,10.78
385.5,-28.47,-71.06
385.5,-26.78,-75.38
385.5,-26.17,-81.1
385.5,-24.42,-79.79
388,-18.06,157.04
388,-18.06,157.04
388,-26.79,130.65
388,-26.79,130.65
388,-14.89,136.11
388,-14.89,136.11
388,-10.02,139.06
388,-10.02,139.06
388,-14.84,91.49
388,-14.84,91.49
388,-44.08,-140.04
388,-44.08,-140.04
388,-31.71,102.8
388,-29.8,-142.37
388,-29.8,-142.37
388,-41.43,-121.82
388,-41.83,-120.99
388,-41.83,-120.99
388,-18.83,-57.56
388,-19.95,-59
388,-19.95,-59
388,-25.81,-131.36
388,-32.82,-123.65
388,-24.83,-141.93
388,-24.83,-141.93
388,-31.29,-122.12
388,-31.29,-122.12
388,-20.7,-67.25
388,-20.7,-67.25
388,-19.54,-66.73
388,-19.54,-66.73
388,31.07,-13.37
388,31.07,-13.37
388,-35.03,-105.28
388,-35.03,-105.28
388,38.57,-28.51
388,38.57,-28.51
388,-22.61,-123.92
388,-22.61,-123.92
388,-27.37,-82.6
388,-27.28,-82.49
388,-18.99,-120.18
388,-18.99,-120.18
388,-27.55,-106.27
388,-27.55,-106.27
388,27.14,-31.01
388,27.14,-31.01
388,26.93,-41.51
388,26.93,-41.51
388,24.46,-37.12
388,24.46,-37.12
388,20.9,-49.32
388,20.9,-49.32
388,22.25,-39.09
388,22.25,-39.09
388,19.04,-25.35
388,19.04,-25.35
388,15.49,-21.87
388,15.49,-21.87
388,13.83,-24.66
388,13.83,-24.66
388,16.13,-32.08
388,16.13,-32.08
388,14.95,-31.47
388,14.95,-31.47
388,-8.57,-101.47
388,-12.96,-98.38
388,5.26,-96.21
388,5.26,-96.21
390.5,-45.44,-115.02
390.5,-44.5,-114.52
390.5,-21.38,-72.43
390.5,-10.99,-70.97
398,-27.41,70.08
398,-27.41,70.08
398,20.53,-39.14
398,16.63,-26.94
398,11.56,-25.53
398,12.88,-33.11
398,3.36,-99.85
400.5,-8.08,-107.36
401,22.47,29.33
402,20.7,-23.39
402,-7.81,-96.16
406,-43,-123.3
406,-28.85,-25.56
406,-33.6,-114.83
406,-26.11,-115.66
409.5,-32.84,-37.32
413.5,-0.5,-86.14
415,-6.6,101.85
415,-39.03,13.51
415,-3.09,71.56
415,-28.71,39.61
415,5.3,84.71
415,7.25,82.14
415,-14.71,56.63
415,17.29,25.37
415,-30.47,-29.93
415,-21.17,-101.9
415,-5.21,-136.98
415,-4.1,-137
415,19.19,-34.53
415,16.71,-44.01
415,-2.31,-133.98
415,9.32,-49.89
415,2.07,-131.52
415,5.83,-94.04
415,10.15,-22.91
415,-4.37,-120.82
415,6.01,-25.89
415,7.28,-31.82
415,-5.29,-117.77
415,14.58,-103.51
415,2.12,-116.6
415,-4.68,-113.71
421,-26.11,-121.59
421,-26.4,-116.73
421,18.61,-106.67
426,-9.77,71.16
426,-0.38,78.28
426,-17.46,-155.43
426,-25.56,-142.16
426,-23.77,-137.68
426,-20.99,-141.47
426,-19.28,-142.01
426,-23.16,-136.3
426,-23.91,-134.93
426,-18.35,-86.42
426,-18.52,-141.33
426,-16.21,-139.33
426,-6.09,-146.25
426,-13.43,-134.58
426,-5.07,-132.26
426,5.8,-123.34
426,6.57,-121.43
430,-9.52,-100.05
430,-8.65,-109.13
430,7.11,-124.9
433.5,-10.27,-102.18
435.5,4.48,-101.42
437.5,6.86,-133.23
438.5,-22.26,33.77
438.5,-20.33,55.64
438.5,-14.37,-159.83
438.5,-14.37,-159.83
438.5,-17.92,-156.3
438.5,-18.44,-154.14
438.5,-14.03,-154.5
438.5,-5.55,-157.87
438.5,-10.83,-147.43
438.5,17.09,-41.43
438.5,10.88,-31.26
438.5,12.03,-41.91
438.5,6.61,-34.53
438.5,9.1,-137.55
438.5,6.34,-135.14
438.5,7.37,-134.69
449,-8.83,176.87
449,0.63,-149.31
449,-12.44,-90.64
451,-5.46,175.49
451,-17.72,-170.27
451,-17.48,-163.18
451,-0.65,-174.61
451,-11.7,-166.09
451,-11.52,-164.9
451,-1.26,-169.77
451,-9.61,-156.79
451,-2.65,-153.93
451,15.72,-157.87
451,8.4,-146.89
451,7.23,-144.26
455.5,-9.3,19.37
455.5,-8.87,19.65
455.5,-17.12,-162.74
455.5,-14.94,-162.13
455.5,-33.44,-93.26
456.5,-2.14,-49.47
457,0.74,-169.13
457,-35.16,-102.93
457,11.87,-145.67
461,11.86,-145.79
464,-11.74,-179.2
464,-11.23,-178.32
464,-12.77,-176.16
464,-12.15,3.61
464,-17.84,-168.31
464,-20.08,-150.07
464,-42.33,-93.94
464,-0.77,-58.16
464,11.92,-160.06
464,-4.99,-61
464,-13.18,-57.03
464,-12.12,-58.4
464,7.08,-144.91
464,5.18,-144.08
464.5,-17.99,-94.37
464.5,-17.99,-94.37
468.5,8.83,54.51
468.5,11.72,54.74
468.5,3.84,47.07
468.5,-15.1,-0.04
468.5,-13.89,-0.96
468.5,-16.19,3.45
468.5,-13.51,-1.22
468.5,-15.7,3.6
468.5,-13.45,-0.51
468.5,-18.64,12.29
468.5,-13.27,-0.02
468.5,-12.28,-1.31
468.5,-11.9,-1.17
468.5,-11.39,-1.23
468.5,-12.58,2.5
471.5,11.6,72.93
471.5,15.79,50.22
471.5,-19.34,-1.03
471.5,-16.52,-3.44
471.5,-16.66,-162.37
471.5,7.23,-144.35
471.5,6.48,-144.15
471.5,6.48,-144.15
472.5,-19.28,25.74
472.5,-19.53,-2.4
472.5,-16.73,-4.83
472.5,-14.68,-6.55
472.5,-16.57,-2.84
472.5,-13.81,-6.04
472.5,-15.67,-2.39
474,-19.71,-4.49
474,-18.15,-7.69
474,-19.23,-4.07
474,-17.6,-7.2
474,-18.04,-6.27
474,-16.53,-8.86
474,-15.54,-10.04
474,-16.97,-6.87
474,-17.55,-5.16
474,-15.66,-8.36
474,-15.93,-7.84
474,-17.98,-3.4
474,-16.51,-6.44
474,-18.12,-2.81
474,-15.75,-7.74
474,-17.2,-4.71
474,-14.22,-10.12
474,-16.17,-6.45
474,-15.52,-7.52
474,-16.14,-6.05
474,-13.5,-10.35
474,-15.47,-6.73
474,-17.35,-2.56
474,-15.94,-5.3
474,-17.07,-2.71
474,-16.56,-3.66
474,-14.67,-7.42
474,-14.88,-6.79
474,-19.47,5.77
474,-14.75,-6.81
474,-15.3,-5.71
474,-15.19,-5.47
474,-14.19,-7.25
474,-14.99,-5.18
474,-16.54,-1.58
474,-13.62,-7.67
474,-14.39,-5.97
474,-14.74,-5.24
474,-14.78,-5.17
474,-13.79,-6.93
474,-14.77,-4.71
474,-11.43,-10.1
474,-13.34,-6.69
474,-14.4,-4.08
474,-13.65,-5.41
474,-14.02,-3.19
474,-12.61,-5.93
474,-15.67,1.3
474,-14.58,-1.09
474,-10.56,-9
474,-13.79,-2.21
474,-12.8,-4.17
474,-13.42,-0.19
474,-14.52,3.94
477.5,7.48,64.98
477.5,-24.29,122.42
477.5,-0.28,37.33
477.5,11.88,42.38
477.5,1.12,36.25
477.5,3.3,26.07
477.5,-2.77,171.57
477.5,-28.34,40.96
477.5,-1.65,172.27
477.5,-6.52,173.92
477.5,-2.17,173.48
477.5,-14.09,7.61
477.5,-20.52,-9.28
477.5,-19.04,-12.54
477.5,-14.55,-179.12
477.5,-20.03,-8.87
477.5,-18.48,-12.06
477.5,-17.45,-13.75
477.5,-5.9,177.98
477.5,-17.85,-11.75
477.5,-18.38,-10.02
477.5,-17.27,-12.03
477.5,-17.41,-11.72
477.5,-18.77,-8.23
477.5,-17.37,-11.32
477.5,-18.88,-7.63
477.5,-16.64,-12.65
477.5,-9.26,-179.5
477.5,-16.42,-175.64
477.5,-16.13,-13.23
477.5,-16.5,-12.48
477.5,-17.03,-11.34
477.5,-17.7,-9.8
477.5,-17.83,-9.49
477.5,-17.87,-9.41
477.5,-17.87,-9.41
477.5,-18.33,-8.23
477.5,-16.56,-12.13
477.5,-16.99,-10.95
477.5,-18.33,-7.68
477.5,-17.08,-10.25
477.5,-17.66,-8.86
477.5,-15.32,-13.73
477.5,-16.34,-11.65
477.5,-18.11,-7.41
477.5,-16.77,-10.19
477.5,-16.8,-10.12
477.5,-17.83,-7.57
477.5,-16.86,-9.87
477.5,-17.92,-173.4
477.5,-15.43,-12.39
477.5,-15.43,-12.39
477.5,-15.75,-11.72
477.5,-15.78,-11.65
477.5,-16.63,-9.76
477.5,-17.1,-8.61
477.5,-15.62,-11.75
477.5,-16.14,-10.63
477.5,-15.2,-12.17
477.5,-16.03,-10.39
477.5,-15.03,-12.27
477.5,-15.14,-12.05
477.5,-17.77,-172.87
477.5,-14.98,-12.15
477.5,-14.08,-13.7
477.5,-15.82,-10.11
477.5,-17.31,-6.37
477.5,-15.24,-10.91
477.5,-15.6,-10.1
477.5,-9.14,-177.32
477.5,-16.71,-172.98
477.5,-14.18,-12.65
477.5,-14.18,-12.65
477.5,-14.53,-11.92
477.5,-15.59,-9.64
477.5,-14.21,-11.66
477.5,-14.09,-11.69
477.5,-15.2,-9.01
477.5,-14.49,-10.37
477.5,-13.64,-11.46
477.5,-14.05,-10.6
477.5,-14.2,-9.78
477.5,-14.8,-8.13
477.5,-13.46,-10.92
477.5,-16.33,-3.59
477.5,-14.96,-6.91
477.5,-14.54,-7.16
477.5,-16.87,-170.34
477.5,-17.49,-169.88
477.5,-13.6,-9.15
477.5,-17.51,-168.56
477.5,-18.71,-167.59
477.5,-14.12,-5.14
477.5,-15.11,-0.97
477.5,-8.28,-172.11
477.5,-11.47,-170.29
477.5,-18.01,-165.46
477.5,-16.18,-164.33
477.5,-13.91,-164.87
477.5,-16.94,-160.85
477.5,-21.06,-152.49
477.5,-18.12,-141.99
477.5,-6.79,-73.13
477.5,-11.18,-75.73
477.5,-19.1,-71.12
477.5,-18.13,-72.61
477.5,6.16,-144.54
477.5,6,-144
477.5,3.32,-141.53
477.5,8.88,-135.46
477.5,9.58,-134.74
477.5,1.19,-133.35
477.5,1.19,-133.35
491,-22.03,95.83
491,-49.74,8.59
491,-16.9,168.62
491,-8.91,167.31
491,-17.82,172.5
491,-18.74,174.17
491,-18.5,174.63
491,-12.28,173.9
491,-19.47,177.63
491,-11.89,174.85
491,12.57,179.34
503,-8.11,-29.68
503,-55.56,-31.94
503,-45.46,-35.09
503,14.53,154.75
503,-57.22,-41.76
503,10.52,171.07
503,9.32,170.83
509,-2.13,5.32
509,-1.94,-0.71
509,-1.52,-2.85
509,1.23,-2.14
509,1.49,-5.63
509,6.25,-5.91
509,3.78,-8.91
509,7.59,-6.16
509,7.59,-6.16
509,5.82,-13.59
509,-6.48,-34.17
509,-6.15,-34.48
509,-5.51,-35.09
509,-4.69,-36.17
509,-8.19,-33.66
509,-5.74,-35.98
509,-5.43,-36.29
509,-7.16,-34.9
509,-7.16,-34.9
509,-6.52,-35.51
509,-5.69,-36.31
509,-5.44,-36.56
509,-8.2,-34.2
509,-5.95,-37.46
509,-5.95,-37.46
509,-6.78,-40.17
509,-8.04,-39.63
509,-37.21,-21.05
509,-16.8,-62.13
509,10.41,148.03
509,-16.03,149.02
509,-17.45,150.33
509,-65.96,-87.28
509,-28.17,171.3
509,-9.5,-103.45
509,10.64,177.52
509,-14.82,-111.49
509,10.2,178.43
509,-19.91,-102.63
509,7.49,179.32
509,-7.13,-173.56
509,-9.46,-171.45
513,-17.69,144.66
531,10.4,40.88
531,-49.58,65.77
531,-51.53,82.9
531,13.89,32.76
531,17.75,31.32
531,23.57,33.35
531,-64.22,90.8
531,-21.77,0.94
531,-20.48,-2.13
531,-17.64,-13.2
531,-21.27,-3.33
531,-19.76,-4.18
531,-21.71,-6.66
531,-19.77,-7.41
531,2.84,-8.2
531,0.75,-7.54
531,3.69,-9.96
531,0.83,-7.86
531,3.02,-9.78
531,0.78,-8.08
531,1.74,-8.85
531,3.17,-10.3
531,3.9,-11.73
531,-16.62,6.73
531,0.65,-9.64
531,0.04,-9.28
531,-64.23,-58.1
531,-35.77,-19.96
531,-25.02,-12.99
531,-62.97,-57.2
531,-15.96,-11.73
531,-16.28,-13.51
531,-23.19,-15.21
531,-14.01,4.62
531,-21.94,-49.88
531,-24.16,-47.15
531,-21.86,-49.38
531,-22.96,-48.28
531,-21.54,-49.4
531,-21.54,-49.4
531,-21.54,-49.4
531,-21.54,-49.4
531,-7,117.83
531,-59.54,-56.6
531,-13.26,-12.73
531,-8.67,118.3
531,-21.07,-48.84
531,-19.52,-50.02
531,-23.18,-46.22
531,-20.43,-48.74
531,-20.28,-48.17
531,-21.54,-46.31
531,-11.11,119.82
531,-21.83,-45.39
531,-22.65,-44.31
531,-9.09,120.32
531,-12.31,120.37
531,-21.86,-45.05
531,-22.69,-44.11
531,18.59,125.46
531,-22.76,-40.07
531,-19.25,-42.71
531,-15.21,124.18
531,-39.43,-40.39
531,-53.69,-48.83
531,-21.69,-37.88
531,-22.15,-37.24
531,-21.53,-37.75
531,-21.95,-36.98
531,-22.79,-35.72
531,-22.33,-35.68
531,-22.46,-35.09
531,-22.42,-34.96
531,-21.92,-35.37
531,-51.03,-54.88
531,-51.2,-53.75
531,-48.15,-41.94
531,-47.65,-51.58
531,-51.31,-62.92
531,-18.71,-85.69
531,-29.46,148.82
531,-23.1,-94.7
531,-29.15,-86.02
531,-24.28,161.41
